Id,Name,ST_Build_Status__c,ST_Activation_Actual__c,ST_Project_Number__c,ST_Design_Inputs_Received__c,ST_Ready_for_Engineering__c,LastModifiedDate
006WR00000wkDuFYAU,Bahia Palms Apartments,1. Project - PAL/ROE Signed,,P-003503,,False,2026-07-08T22:51:37.000+0000
006WR00000wkEZjYAM,Ladera Apartments,1. Project - PAL/ROE Signed,,P-003947,,False,2026-07-08T22:51:37.000+0000
006WR00000wkEZwYAM,Western Hills Apartments,1. Project - PAL/ROE Signed,,P-003613,,False,2026-07-08T22:51:37.000+0000
006WR00000wkEc8YAE,Bristol Square Apartments,2. Project - Design Phase,,P-006738,2026-01-29,True,2026-07-27T17:07:45.000+0000
006WR00000wk1EjYAI,The Renaissance at Stoney Creek,4. Project - Completed,2025-11-19,P-006296,2025-07-14,True,2026-07-08T22:51:16.000+0000
006WR00000wkEaeYAE,Parkway Terrace,1. Project - PAL/ROE Signed,,P-003388,,False,2026-07-08T22:51:38.000+0000
006WR00000wkEcTYAU,Dobson Bay Club HOA,4. Project - Completed,2024-04-18,P-002258,2023-07-27,True,2026-07-08T22:51:38.000+0000
006WR00000wkEatYAE,4459 Fremont Ave Apt,1. Project - PAL/ROE Signed,,P-003377,2024-02-22,False,2026-07-23T22:44:23.000+0000
006WR00000xwGIXYA2,Omaha_MDU_6303 Taylor Cir,4. Project - Completed,2025-03-19,P-005791,2024-12-17,True,2026-07-09T23:52:35.000+0000
006WR00000xvwoUYAQ,Omaha_MDU_4704 Cass St,1. Project - PAL/ROE Signed,,P-006320,2026-01-05,True,2026-07-23T21:41:30.000+0000
006WR00000wkDuPYAU,7000 Roosevelt Way Apt,1. Project - PAL/ROE Signed,,P-003369,2024-04-17,False,2026-07-23T22:44:23.000+0000
006WR00000wk1EIYAY,Eagle Ridge Terrace Apartments,4. Project - Completed,2025-04-22,P-003509,2024-01-22,True,2026-07-08T22:51:16.000+0000
006WR00000wkDu3YAE,La Costa Paloma,1. Project - PAL/ROE Signed,,P-006102,,False,2026-07-23T22:44:23.000+0000
006WR00000wk1ETYAY,Centennial Patio Home Apartments,4. Project - Completed,2025-07-11,P-004887,2024-06-12,True,2026-07-23T22:44:23.000+0000
006WR00000wkDuJYAU,Vanderbilt Apartments,1. Project - PAL/ROE Signed,,P-003604,,False,2026-07-08T22:51:37.000+0000
006WR00000wkDuYYAU,Lord Tennyson,1. Project - PAL/ROE Signed,,P-006244,,False,2026-07-08T22:51:37.000+0000
006WR00000wkDueYAE,University Club Apartments (Nac),1. Project - PAL/ROE Signed,,P-006249,,False,2026-07-08T22:51:37.000+0000
006WR00000wkEZtYAM,5307 Ravenna,1. Project - PAL/ROE Signed,,P-003376,2024-02-22,False,2026-07-23T22:44:23.000+0000
006WR00000wkEaKYAU,Villa Lago Apartments,1. Project - PAL/ROE Signed,,P-003936,,False,2026-07-08T22:51:37.000+0000
006WR00000wkDv8YAE,Pineforest Place,1. Project - PAL/ROE Signed,,P-006291,,False,2026-07-08T22:51:37.000+0000
006WR00000wkEcfYAE,Enclave at Westport,4. Project - Completed,2023-01-01,P-004488,,False,2026-07-08T22:51:38.000+0000
006WR00000wkEaZYAU,Coliseum Apartments,1. Project - PAL/ROE Signed,,P-003343,,False,2026-07-08T22:51:38.000+0000
006WR00000wkEZvYAM,1744 Dexter Avenue Apartments,1. Project - PAL/ROE Signed,,P-003378,2024-04-17,False,2026-07-23T22:44:23.000+0000
006WR00000wkEZkYAM,The Oaks Apartments,1. Project - PAL/ROE Signed,,P-006304,,False,2026-07-08T22:51:37.000+0000
006WR00000wk1EPYAY,Big Sky Patio Home Apartments,4. Project - Completed,2025-06-17,P-004889,2024-06-12,True,2026-07-23T22:44:23.000+0000
006WR00000xvxiwYAA,Omaha_MDU_4502 N 49th St,4. Project - Completed,2025-01-23,P-005408,2024-08-22,True,2026-07-09T23:52:18.000+0000
006WR00000wkEZhYAM,Leimert Park,1. Project - PAL/ROE Signed,,P-003988,,False,2026-07-08T22:51:37.000+0000
006WR00000wkEbYYAU,Trailpoint by Trion Living / Trailpoint on Highline,1. Project - PAL/ROE Signed,,P-005802,2025-02-26,True,2026-07-23T22:44:23.000+0000
006WR00000wk1EmYAI,Bay Colony Apartments,4. Project - Completed,2025-12-22,P-001611,2025-07-01,True,2026-07-08T22:51:16.000+0000
006WR00000wkEcjYAE,Lakeside Apartment Homes,4. Project - Completed,2024-08-09,P-004627,2024-05-08,True,2026-07-08T22:51:38.000+0000
006WR00000xv6y2YAA,Killeen_MDU_209 E Dean Ave,4. Project - Completed,2026-05-29,P-006777,2026-02-18,True,2026-07-09T23:52:49.000+0000
006WR00000wkEbJYAU,Lombardi Apartments,1. Project - PAL/ROE Signed,,P-003335,2025-11-04,True,2026-07-23T22:44:23.000+0000
006WR00000xw7SBYAY,Omaha_MDU_4005 Hartman Circle,4. Project - Completed,2025-06-30,P-006010,2025-03-04,True,2026-07-09T23:52:12.000+0000
006WR00000wkEcSYAU,Dobson Greens Condo HOA,4. Project - Completed,2024-08-21,P-003277,2023-11-07,True,2026-07-08T22:51:38.000+0000
006WR00000wkEbZYAU,Ballantrae Apartments,1. Project - PAL/ROE Signed,,P-005992,2025-03-10,True,2026-07-23T22:44:23.000+0000
006WR00000wkEc0YAE,Barbary Knoll Apartments,1. Project - PAL/ROE Signed,,P-006345,,True,2026-07-23T22:44:23.000+0000
006WR00000wkEckYAE,Crosspointe Vista,4. Project - Completed,2026-07-06,P-006417,1900-01-01,True,2026-07-24T18:00:22.000+0000
006WR00000wk1EJYAY,Aspen Ridge,4. Project - Completed,2025-04-22,P-004589,2024-04-24,True,2026-07-23T22:44:23.000+0000
006WR00000wk1EKYAY,Overlook 380,4. Project - Completed,2025-04-30,P-003808,2024-04-24,True,2026-07-23T22:44:23.000+0000
006WR00000wkEcUYAU,Dobson Ranch Condos,4. Project - Completed,2025-07-14,P-005703,2024-11-19,True,2026-07-28T19:19:53.000+0000
006WR00000wkDuiYAE,Summerset Village Apartments,1. Project - PAL/ROE Signed,,P-006251,,False,2026-07-08T22:51:37.000+0000
006WR00000wkEbjYAE,Park Vista Apartments,1. Project - PAL/ROE Signed,,P-006174,2025-05-14,True,2026-07-23T22:44:23.000+0000
006WR00000wkEcaYAE,Wheatbaker Patio Home Apartments,4. Project - Completed,2024-08-01,P-003398,2023-11-28,True,2026-07-23T22:44:23.000+0000
006WR00000wkDutYAE,Windrush Apartments,1. Project - PAL/ROE Signed,,P-006259,,False,2026-07-08T22:51:37.000+0000
006WR00000wkDuWYAU,West Creek Townhomes,1. Project - PAL/ROE Signed,,P-006245,,False,2026-07-08T22:51:37.000+0000
006WR00000wkEceYAE,Pheasant Run Apartments,4. Project - Completed,2025-01-08,P-004260,2024-04-24,True,2026-07-23T22:44:23.000+0000
006WR00000wkEaIYAU,Vassar Terrace Apartments,1. Project - PAL/ROE Signed,,P-003934,,False,2026-07-08T22:51:37.000+0000
006WR00000wk1EiYAI,Yavapai Hills Apartments,4. Project - Completed,2025-10-31,P-005701,2024-11-20,True,2026-07-23T22:44:23.000+0000
006WR00000wkEaiYAE,Parkview Terrace,1. Project - PAL/ROE Signed,,P-003334,,False,2026-07-08T22:51:38.000+0000
006WR00000wkDuTYAU,The Sixth Avenue,1. Project - PAL/ROE Signed,,P-003367,2024-04-17,False,2026-07-23T22:44:23.000+0000
006WR00000wkEa6YAE,Briarwood Apartments,1. Project - PAL/ROE Signed,,P-004238,,False,2026-07-08T22:51:37.000+0000
006WR00000wkEZlYAM,Fallbrook View Apartments,1. Project - PAL/ROE Signed,,P-006305,,False,2026-07-08T22:51:37.000+0000
006WR00000wkDuAYAU,Villas on Horne,1. Project - PAL/ROE Signed,,P-003993,2024-05-09,False,2026-07-08T22:51:37.000+0000
006WR00000wkDuBYAU,Riverview Townhomes,1. Project - PAL/ROE Signed,,P-003209,2023-10-23,False,2026-07-08T22:51:37.000+0000
006WR00000wk1ElYAI,The Bluffs of Brookside,4. Project - Completed,2025-10-16,P-006292,2025-07-14,True,2026-07-08T22:51:16.000+0000
006WR00000wk1ERYAY,Indian Hills Terrace,4. Project - Completed,2025-06-26,P-005578,2024-10-18,True,2026-07-15T05:36:44.000+0000
006WR00000wk1EXYAY,Crestview Place Apartments,4. Project - Completed,2025-07-22,P-006013,2025-04-03,True,2026-07-08T22:51:16.000+0000
006WR00000wkEaMYAU,Aloha Wey Apartments,1. Project - PAL/ROE Signed,,P-004718,,False,2026-07-23T22:44:23.000+0000
006WR00000wkEbqYAE,Purgatory Creek Townhomes,1. Project - PAL/ROE Signed,,P-006331,,True,2026-07-08T22:51:38.000+0000
006WR00000wkDvFYAU,Chadron Apartments,1. Project - PAL/ROE Signed,,P-003935,,False,2026-07-08T22:51:37.000+0000
006WR00000wkEZyYAM,Green Lake South,1. Project - PAL/ROE Signed,,P-003375,,False,2026-07-23T22:44:23.000+0000
006WR00000xwHCzYAM,Killeen_MDU_601 Harbour Ave,4. Project - Completed,2026-07-01,P-006775,2026-02-18,True,2026-07-09T23:52:57.000+0000
006WR00000wkEaRYAU,Baldwin Manor,1. Project - PAL/ROE Signed,,P-003350,,False,2026-07-08T22:51:38.000+0000
006WR00000wkEb9YAE,The Bungalows on the Lake at Prairie Queen_The View,1. Project - PAL/ROE Signed,,P-006337,2025-08-12,False,2026-07-23T22:44:23.000+0000
006WR00000wkEZfYAM,Crenshaw Terrace Apartments,1. Project - PAL/ROE Signed,,P-003944,,False,2026-07-08T22:51:37.000+0000
006WR00000wkEZpYAM,Cypress Ridge,1. Project - PAL/ROE Signed,,P-006315,,False,2026-07-08T22:51:37.000+0000
006WR00000wkEcHYAU,Avalon Wolf Ranch (f/k/a Retreat at Wolf Ranch),4. Project - Completed,2023-05-11,P-000889,2022-11-01,True,2026-07-08T22:51:38.000+0000
006WR00000wkEcOYAU,Avalon at Castle Hills (f/k/a Lakeway Castle Hills),4. Project - Completed,2024-03-07,P-001059,2023-03-14,True,2026-07-08T22:51:38.000+0000
006WR00000wkDu0YAE,Cielo II Apartments,1. Project - PAL/ROE Signed,,P-001060,,False,2026-07-23T22:44:23.000+0000
006WR00000wkEcpYAE,Sonterra Apartment Homes,4. Project - Completed,2023-11-17,P-001613,2023-05-16,True,2026-07-08T22:51:38.000+0000
006WR00000wkEcNYAU,Eaves by Avalon (f/k/a Wimberly Apartments),4. Project - Completed,2024-09-30,P-002526,2023-08-10,True,2026-07-08T22:51:38.000+0000
006WR00000wkDu2YAE,Palmero by the Park (f/k/a Overlook by the Park),1. Project - PAL/ROE Signed,,P-002754,,False,2026-07-23T22:44:23.000+0000
006WR00000wkDu1YAE,The M at Lakeline,1. Project - PAL/ROE Signed,,P-002755,,False,2026-07-23T22:44:23.000+0000
006WR00000wkEa1YAE,Vista Hermosa Apartments,1. Project - PAL/ROE Signed,,P-003607,,False,2026-07-08T22:51:37.000+0000
006WR00000wkEcYYAU,Waterfront Landing,4. Project - Completed,2024-06-21,P-002756,2023-09-11,True,2026-07-23T22:44:23.000+0000
006WR00000wkEcWYAU,Twin Palms Condominiums,4. Project - Completed,2024-11-04,P-003210,2023-10-23,True,2026-07-08T22:51:38.000+0000
006WR00000wkEclYAE,Lucille on Roosevelt,4. Project - Completed,2024-05-31,P-003272,2023-11-06,True,2026-07-23T22:44:23.000+0000
006WR00000wkEbIYAU,First Casa De Marina,1. Project - PAL/ROE Signed,,P-003281,2023-11-21,True,2026-07-23T22:44:23.000+0000
006WR00000wkEbMYAU,Gloria Homes,1. Project - PAL/ROE Signed,,P-003282,2024-03-21,True,2026-07-23T22:44:23.000+0000
006WR00000wkDuzYAE,Whispering Oaks Apartments,1. Project - PAL/ROE Signed,,P-003612,,False,2026-07-08T22:51:37.000+0000
006WR00000wkEakYAE,Riverside Villa Apartments,1. Project - PAL/ROE Signed,,P-003330,,False,2026-07-08T22:51:38.000+0000
006WR00000wkEahYAE,Brody Terrace (Riverside),1. Project - PAL/ROE Signed,,P-003331,,False,2026-07-08T22:51:38.000+0000
006WR00000wkEbNYAU,Parthenia Terrace,1. Project - PAL/ROE Signed,,P-003332,2024-03-19,True,2026-07-23T22:44:23.000+0000
006WR00000wk1EWYAY,Ladera Townhouse,4. Project - Completed,2025-03-31,P-003942,2024-03-21,True,2026-07-23T22:44:23.000+0000
006WR00000wk1EUYAY,Parkway Plaza,4. Project - Completed,2025-03-31,P-003333,2024-03-22,True,2026-07-23T22:44:23.000+0000
006WR00000wkEafYAE,Kling Trio Apartments,1. Project - PAL/ROE Signed,,P-003336,,False,2026-07-08T22:51:38.000+0000
006WR00000wkEamYAE,Topanga Apartments,1. Project - PAL/ROE Signed,,P-003344,,False,2026-07-08T22:51:38.000+0000
006WR00000wkEaSYAU,White Oak Terrace,1. Project - PAL/ROE Signed,,P-003337,,False,2026-07-08T22:51:38.000+0000
006WR00000wkEbmYAE,Evergreen East Apartments,1. Project - PAL/ROE Signed,,P-006168,2025-05-14,True,2026-07-23T22:44:23.000+0000
006WR00000wkEagYAE,Jaclyn Terrace,1. Project - PAL/ROE Signed,,P-003338,,False,2026-07-08T22:51:38.000+0000
006WR00000wkEaQYAU,Woodland Trio The Oaks,1. Project - PAL/ROE Signed,,P-003339,,False,2026-07-08T22:51:37.000+0000
006WR00000wkEaoYAE,Vista Apartments,1. Project - PAL/ROE Signed,,P-003340,,False,2026-07-08T22:51:38.000+0000
006WR00000wkEanYAE,Topanga Terrace,1. Project - PAL/ROE Signed,,P-003341,,False,2026-07-08T22:51:38.000+0000
006WR00000xuzq7YAA,Omaha_MDU_4803 Boyd St Apartments,4. Project - Completed,2025-05-23,P-005801,2024-12-26,True,2026-07-09T23:52:14.000+0000
006WR00000wkEaaYAE,Colonial Manor Apartments,1. Project - PAL/ROE Signed,,P-003342,,False,2026-07-08T22:51:38.000+0000
006WR00000wkEaVYAU,Chatsworth Plaza,1. Project - PAL/ROE Signed,,P-003345,,False,2026-07-08T22:51:38.000+0000
006WR00000wkEapYAE,The Palms,1. Project - PAL/ROE Signed,,P-003346,,False,2026-07-08T22:51:38.000+0000
006WR00000wkEaXYAU,Casa Linda,1. Project - PAL/ROE Signed,,P-003347,,False,2026-07-08T22:51:38.000+0000
006WR00000wkEZnYAM,Paris Retirement Village,1. Project - PAL/ROE Signed,,P-006314,,False,2026-07-08T22:51:37.000+0000
006WR00000wkEbKYAU,The Meadows at Westlake Village,1. Project - PAL/ROE Signed,,P-003348,2025-11-04,True,2026-07-23T22:44:23.000+0000
006WR00000wkEbLYAU,Brookside Terrace Apartments,1. Project - PAL/ROE Signed,,P-003349,2025-11-04,True,2026-07-23T22:44:23.000+0000
006WR00000xvYz4YAE,Omaha_MDU_Caroline,4. Project - Completed,2026-06-25,P-006806,2026-02-27,True,2026-07-09T23:52:07.000+0000
006WR00000wkEalYAE,The Banyans,1. Project - PAL/ROE Signed,,P-003351,,False,2026-07-08T22:51:38.000+0000
006WR00000wkEaTYAU,Bali Apartments,1. Project - PAL/ROE Signed,,P-003352,,False,2026-07-08T22:51:38.000+0000
006WR00000wkEajYAE,Roxanne Apartments,1. Project - PAL/ROE Signed,,P-003353,,False,2026-07-08T22:51:38.000+0000
006WR00000wkDurYAE,The Cliffetta,1. Project - PAL/ROE Signed,,P-003360,,False,2026-07-23T22:44:23.000+0000
006WR00000wkDulYAE,104 North Apt,1. Project - PAL/ROE Signed,,P-003361,,False,2026-07-23T22:44:23.000+0000
006WR00000wkDupYAE,8746 Phinney Apt,1. Project - PAL/ROE Signed,,P-003362,,False,2026-07-23T22:44:23.000+0000
006WR00000wkEasYAE,Villa Boitano 1,1. Project - PAL/ROE Signed,,P-003363,,False,2026-07-23T22:44:23.000+0000
006WR00000wkDujYAE,Villa Boitano 2,1. Project - PAL/ROE Signed,,P-003364,,False,2026-07-23T22:44:23.000+0000
006WR00000wkEarYAE,8409 5th Ave Apt,1. Project - PAL/ROE Signed,,P-003365,,False,2026-07-23T22:44:23.000+0000
006WR00000wkDuSYAU,The Fifth Avenue,1. Project - PAL/ROE Signed,,P-003366,2024-04-17,False,2026-07-23T22:44:23.000+0000
006WR00000wkDuRYAU,7101 Roosevelt Way Apt,1. Project - PAL/ROE Signed,,P-003368,2024-04-17,False,2026-07-23T22:44:23.000+0000
006WR00000wkDu6YAE,500 NE 70th,1. Project - PAL/ROE Signed,,P-003370,,False,2026-07-23T22:44:23.000+0000
006WR00000wkEaLYAU,The Royce,1. Project - PAL/ROE Signed,,P-003371,2024-04-17,False,2026-07-23T22:44:23.000+0000
006WR00000wkEa0YAE,Lakeland,1. Project - PAL/ROE Signed,,P-003372,,False,2026-07-23T22:44:23.000+0000
006WR00000wkDuNYAU,6311-6321 Roosevelt,1. Project - PAL/ROE Signed,,P-003373,,False,2026-07-23T22:44:23.000+0000
006WR00000wkEZzYAM,430 NE Ravenna,1. Project - PAL/ROE Signed,,P-003374,,False,2026-07-23T22:44:23.000+0000
006WR00000wkEaqYAE,Katerina Chalet,1. Project - PAL/ROE Signed,,P-003379,,False,2026-07-23T22:44:23.000+0000
006WR00000wkDusYAE,Espana,1. Project - PAL/ROE Signed,,P-003380,,False,2026-07-23T22:44:23.000+0000
006WR00000wkEaYYAU,Windsor Manor,1. Project - PAL/ROE Signed,,P-003381,,False,2026-07-08T22:51:38.000+0000
006WR00000wk1EVYAY,The Reserve,4. Project - Completed,2025-03-31,P-003382,2024-03-19,True,2026-07-23T22:44:23.000+0000
006WR00000wkEaUYAU,Corbett Avenue Apartments,1. Project - PAL/ROE Signed,,P-003383,,False,2026-07-08T22:51:38.000+0000
006WR00000wkEaWYAU,John Manor,1. Project - PAL/ROE Signed,,P-003384,,False,2026-07-08T22:51:38.000+0000
006WR00000wkEabYAE,San Vicente Apartments,1. Project - PAL/ROE Signed,,P-003385,,False,2026-07-08T22:51:38.000+0000
006WR00000wkEacYAE,St. Andrews Manor,1. Project - PAL/ROE Signed,,P-003386,,False,2026-07-08T22:51:38.000+0000
006WR00000wkEadYAE,Krystal Terrace,1. Project - PAL/ROE Signed,,P-003387,,False,2026-07-08T22:51:38.000+0000
006WR00000wkDunYAE,Villa Boitano 3,1. Project - PAL/ROE Signed,,P-003389,,False,2026-07-23T22:44:23.000+0000
006WR00000xvBUcYAM,Omaha_MDU_4023 HAMILTON ST,4. Project - Completed,2026-05-28,P-006741,2026-01-28,True,2026-07-09T23:52:13.000+0000
006WR00000wkDuhYAE,The Park West,1. Project - PAL/ROE Signed,,P-003390,,False,2026-07-23T22:44:23.000+0000
006WR00000wk1EEYAY,Henderson Terrace Apartments,4. Project - Completed,2024-09-17,P-003501,2024-01-22,True,2026-07-08T22:51:16.000+0000
006WR00000wkDuvYAE,Conquistador Apartments,1. Project - PAL/ROE Signed,,P-003502,,False,2026-07-08T22:51:37.000+0000
006WR00000wkDuuYAE,Autumn Villas Apartments,1. Project - PAL/ROE Signed,,P-003505,,False,2026-07-08T22:51:37.000+0000
006WR00000wkDv7YAE,Gainesville Gardens Apartments,1. Project - PAL/ROE Signed,,P-003507,,False,2026-07-08T22:51:37.000+0000
006WR00000wkEcZYAU,Eagle Lake Garden Apartments,4. Project - Completed,2024-08-22,P-003508,2024-01-22,True,2026-07-08T22:51:38.000+0000
006WR00000wkEZxYAM,Villa Park Apartments,1. Project - PAL/ROE Signed,,P-003954,,False,2026-07-08T22:51:37.000+0000
006WR00000wkEa9YAE,Hillside Apartments,1. Project - PAL/ROE Signed,,P-003510,,False,2026-07-08T22:51:37.000+0000
006WR00000wkEc4YAE,Mansions at Hemingway,1. Project - PAL/ROE Signed,,P-006483,2025-10-15,True,2026-07-23T22:44:23.000+0000
006WR00000wkDuDYAU,Texana Apartments,1. Project - PAL/ROE Signed,,P-003587,,False,2026-07-08T22:51:37.000+0000
006WR00000wkDv3YAE,La Villita Apartments,1. Project - PAL/ROE Signed,,P-003588,,False,2026-07-08T22:51:37.000+0000
006WR00000wkEaBYAU,May Road Apartments,1. Project - PAL/ROE Signed,,P-003589,,False,2026-07-08T22:51:37.000+0000
006WR00000wkEaDYAU,Mesquite Trails Apartments,1. Project - PAL/ROE Signed,,P-003590,,False,2026-07-08T22:51:37.000+0000
006WR00000wkDv5YAE,Mill Creek Square Apartments,1. Project - PAL/ROE Signed,,P-003591,,False,2026-07-08T22:51:37.000+0000
006WR00000wkDuLYAU,Mira Vista Apartments,1. Project - PAL/ROE Signed,,P-003592,,False,2026-07-08T22:51:37.000+0000
006WR00000wkDv9YAE,Misty Hollow Apartments,1. Project - PAL/ROE Signed,,P-003593,,False,2026-07-08T22:51:37.000+0000
006WR00000wkDvBYAU,Northpark Apartments,1. Project - PAL/ROE Signed,,P-003594,,False,2026-07-23T22:44:23.000+0000
006WR00000wkDu9YAE,Oakwood Apartments,1. Project - PAL/ROE Signed,,P-003595,,False,2026-07-08T22:51:37.000+0000
006WR00000wkEbbYAE,Sunshine Portland,1. Project - PAL/ROE Signed,,P-006192,,True,2026-07-23T22:44:23.000+0000
006WR00000wkEa2YAE,Pecan Creek Apartments,1. Project - PAL/ROE Signed,,P-003596,,False,2026-07-08T22:51:37.000+0000
006WR00000wkEaAYAU,Pilot Point Apartments,1. Project - PAL/ROE Signed,,P-003597,,False,2026-07-08T22:51:37.000+0000
006WR00000wkEa7YAE,Prairie Village Apartments,1. Project - PAL/ROE Signed,,P-003598,,False,2026-07-08T22:51:37.000+0000
006WR00000wkEaFYAU,Regency Apartments,1. Project - PAL/ROE Signed,,P-003599,,False,2026-07-08T22:51:37.000+0000
006WR00000wkEaGYAU,Rio Grande Apartments,1. Project - PAL/ROE Signed,,P-003600,,False,2026-07-08T22:51:37.000+0000
006WR00000wkDv1YAE,Rose Villa Apartments,1. Project - PAL/ROE Signed,,P-003601,,False,2026-07-08T22:51:37.000+0000
006WR00000wkDuxYAE,Seven Points Apartments,1. Project - PAL/ROE Signed,,P-003602,,False,2026-07-08T22:51:37.000+0000
006WR00000wkEa3YAE,Stoneridge Apartments,1. Project - PAL/ROE Signed,,P-003603,,False,2026-07-08T22:51:37.000+0000
006WR00000wkEaCYAU,Village Place Apartments,1. Project - PAL/ROE Signed,,P-003606,,False,2026-07-08T22:51:37.000+0000
006WR00000wkEa5YAE,La Mirage Villas Apartments,1. Project - PAL/ROE Signed,,P-003608,,False,2026-07-08T22:51:37.000+0000
006WR00000wkDuMYAU,Colonial Plaza,1. Project - PAL/ROE Signed,,P-005423,,False,2026-07-08T22:51:37.000+0000
006WR00000wkEa8YAE,La Mirage Apartments,1. Project - PAL/ROE Signed,,P-003609,,False,2026-07-08T22:51:37.000+0000
006WR00000wkEaEYAU,Lakeview Court Apartments,1. Project - PAL/ROE Signed,,P-003611,,False,2026-07-08T22:51:37.000+0000
006WR00000wkEa4YAE,Woodstock III Apartments,1. Project - PAL/ROE Signed,,P-003614,,False,2026-07-08T22:51:37.000+0000
006WR00000wkEcdYAE,The Retreat on 6th,4. Project - Completed,2024-11-13,P-003807,2024-04-24,True,2026-07-23T22:44:23.000+0000
006WR00000wkDubYAE,Windfaire Apartments,1. Project - PAL/ROE Signed,,P-003933,,False,2026-07-08T22:51:37.000+0000
006WR00000wkDuVYAU,Crenshaw Townhouse,1. Project - PAL/ROE Signed,,P-003937,,False,2026-07-08T22:51:37.000+0000
006WR00000wkDufYAE,714 Veteran,1. Project - PAL/ROE Signed,,P-003939,,False,2026-07-08T22:51:37.000+0000
006WR00000wk1EYYAY,Cielo Apartments,4. Project - Completed,2025-03-31,P-003943,2024-03-19,True,2026-07-23T22:44:23.000+0000
006WR00000wkEaJYAU,9404 Apartments,1. Project - PAL/ROE Signed,,P-003945,,False,2026-07-08T22:51:37.000+0000
006WR00000wkDuZYAU,Crenshaw Manor,1. Project - PAL/ROE Signed,,P-003946,,False,2026-07-08T22:51:37.000+0000
006WR00000wkEaHYAU,Oxnard Terrace Apartments,1. Project - PAL/ROE Signed,,P-003948,,False,2026-07-08T22:51:37.000+0000
006WR00000wkEauYAE,Hollypark Knolls Apartments,1. Project - PAL/ROE Signed,,P-003949,,False,2026-07-23T22:44:23.000+0000
006WR00000wkDuXYAU,Vanowen Manor,1. Project - PAL/ROE Signed,,P-003950,,False,2026-07-08T22:51:37.000+0000
006WR00000wkEZdYAM,Strathmore Terrace,1. Project - PAL/ROE Signed,,P-003951,,False,2026-07-08T22:51:37.000+0000
006WR00000wkDudYAE,Strathmore Arms Apartments,1. Project - PAL/ROE Signed,,P-003952,,False,2026-07-08T22:51:37.000+0000
006WR00000wkEavYAE,Saticoy Gardens,1. Project - PAL/ROE Signed,,P-003953,,False,2026-07-23T22:44:23.000+0000
006WR00000wkDvDYAU,Lemoli Apartments,1. Project - PAL/ROE Signed,,P-003986,,False,2026-07-08T22:51:37.000+0000
006WR00000wkDvHYAU,Vanowen Manor II,1. Project - PAL/ROE Signed,,P-003987,,False,2026-07-08T22:51:37.000+0000
006WR00000wkEcgYAE,Northampton Arms Apartments,4. Project - Completed,2024-12-19,P-003989,2024-04-23,True,2026-07-08T22:51:38.000+0000
006WR00000wk1ELYAY,Arcos De Mesa,4. Project - Completed,2025-05-13,P-003994,2024-04-26,True,2026-07-23T22:44:23.000+0000
006WR00000wkDu7YAE,San Montego Luxury Apartments,1. Project - PAL/ROE Signed,,P-004136,2024-04-23,False,2026-07-23T22:44:23.000+0000
006WR00000wkEcbYAE,Alexandra Apartments,4. Project - Completed,2024-11-13,P-004153,2024-05-06,True,2026-07-23T22:44:23.000+0000
006WR00000wkEcmYAE,Arbors of Killeen,4. Project - Completed,2025-01-10,P-004231,2024-04-30,True,2026-07-08T22:51:38.000+0000
006WR00000wkDu8YAE,The Turn Apartments,1. Project - PAL/ROE Signed,,P-004256,2024-05-14,False,2026-07-23T22:44:23.000+0000
006WR00000wkEcnYAE,Paloma Gardens Apartments,4. Project - Completed,2024-12-19,P-004314,2024-06-18,True,2026-07-08T22:51:38.000+0000
006WR00000wkEccYAE,Arthouse Apartments,4. Project - Completed,2023-01-01,P-004474,,False,2026-07-08T22:51:38.000+0000
006WR00000wkDttYAE,Legend of Fort Worth: Senior Living_OneSource project,4. Project - Completed,2023-01-01,P-004481,,False,2026-07-08T22:51:37.000+0000
006WR00000wk1EhYAI,Tallgrass Village,4. Project - Completed,2023-01-01,P-004483,,False,2026-07-08T22:51:16.000+0000
006WR00000wkDuQYAU,Copper Commons,1. Project - PAL/ROE Signed,,P-005422,2025-10-30,True,2026-07-08T22:51:37.000+0000
006WR00000wkEchYAE,Watervue Apartments,4. Project - Completed,2023-01-01,P-004485,,False,2026-07-08T22:51:38.000+0000
006WR00000wkEciYAE,Discovery Village at Alliance Town Center,4. Project - Completed,2023-01-01,P-004487,,False,2026-07-08T22:51:38.000+0000
006WR00000wkEb4YAE,Main Street Commons,1. Project - PAL/ROE Signed,,P-004626,2024-04-29,False,2026-07-17T19:20:29.000+0000
006WR00000wkEaNYAU,Jem-Wey Apartments,1. Project - PAL/ROE Signed,,P-004717,,False,2026-07-23T22:44:23.000+0000
006WR00000wk1EZYAY,The Overlook at Thornton,4. Project - Completed,2025-08-12,P-004719,2024-05-14,True,2026-07-23T22:44:23.000+0000
006WR00000wkEcJYAU,Grand Estates at Keller,4. Project - Completed,2025-06-30,P-005814,2025-02-14,True,2026-07-08T22:51:38.000+0000
006WR00000wkDuCYAU,Avenue 8 Apartments,1. Project - PAL/ROE Signed,,P-004782,,False,2026-07-08T22:51:37.000+0000
006WR00000wk1EoYAI,Villa Pacifica Apartments - Tucson,4. Project - Completed,2025-12-31,P-005645,2024-12-01,True,2026-07-23T22:44:23.000+0000
006WR00000wk1ENYAY,Valencia Apartments,4. Project - Completed,2025-06-17,P-004886,2024-06-12,True,2026-07-23T22:44:23.000+0000
006WR00000wk1EQYAY,Hitt Road Patio Home Apartments,4. Project - Completed,2025-06-17,P-004888,2024-06-12,True,2026-07-23T22:44:23.000+0000
006WR00000wk1EOYAY,Midwest Patio Home Apartments,4. Project - Completed,2025-06-17,P-004890,2024-06-12,True,2026-07-23T22:44:23.000+0000
006WR00000wkDu5YAE,Southwest Patio Home Apartments,1. Project - PAL/ROE Signed,,P-004891,2024-06-12,False,2026-07-23T22:44:23.000+0000
006WR00000wkEcPYAU,Liggins Tower,4. Project - Completed,2025-04-28,P-005178,2024-08-16,True,2026-07-23T22:44:23.000+0000
006WR00000wkEcoYAE,Mallard Run Apartments,4. Project - Completed,2025-01-31,P-005179,2024-07-24,True,2026-07-08T22:51:38.000+0000
006WR00000y3jsTYAQ,Encinitas_MDU_Saxonay at Encinitas Ranch,4. Project - Completed,2026-03-03,P-005180,2024-07-31,True,2026-07-08T22:51:42.000+0000
006WR00000xvyiEYAQ,Omaha_MDU_5240 Ames Ave,4. Project - Completed,2025-01-17,P-005192,2024-08-02,True,2026-07-09T23:52:34.000+0000
006WR00000y2k2dYAA,Omaha_MDU_3344-3348 Larimore Ave,4. Project - Completed,2025-01-17,P-005407,2024-08-22,True,2026-07-08T22:51:42.000+0000
006WR00000wkACEYA2,Birchwood Apts,4. Project - Completed,2025-04-28,P-005410,2024-08-22,True,2026-07-15T21:56:12.000+0000
006WR00000wk1EGYAY,Monaghan Apartments,4. Project - Completed,2025-04-22,P-005411,2024-08-21,True,2026-07-08T22:51:16.000+0000
006WR00000wkACFYA2,Blondo Plaza Apartments,4. Project - Completed,2025-01-22,P-005420,2024-09-05,True,2026-07-15T07:51:04.000+0000
006WR00000wkDuIYAU,Zona Village,1. Project - PAL/ROE Signed,,P-005425,,False,2026-07-14T14:50:18.000+0000
006WR00000wkDuGYAU,Mission Palms Apartments,1. Project - PAL/ROE Signed,,P-005426,,False,2026-07-14T14:51:52.000+0000
006WR00000wkDuEYAU,Brookwood Apartments,1. Project - PAL/ROE Signed,,P-005427,,False,2026-07-08T22:51:37.000+0000
006WR00000wkEZqYAM,Comanche Wells,1. Project - PAL/ROE Signed,,P-005428,,False,2026-07-23T22:44:23.000+0000
006WR00000wkEZoYAM,Tierra Pointe,1. Project - PAL/ROE Signed,,P-005429,,False,2026-07-23T22:44:23.000+0000
006WR00000wkDuHYAU,River Oaks Apartments,1. Project - PAL/ROE Signed,,P-005430,,False,2026-07-14T14:51:07.000+0000
006WR00000wkCkwYAE,Caravelle Townhomes,4. Project - Completed,2025-05-23,P-005496,2024-09-11,True,2026-07-08T22:51:33.000+0000
006WR00000xuz6uYAA,Omaha_MDU_Warwick Apts,4. Project - Completed,2025-01-29,P-005497,2024-09-11,True,2026-08-03T11:06:45.000+0000
006WR00000xvFDHYA2,Omaha_MDU_The Richards Apartments,4. Project - Completed,2025-01-29,P-005498,2024-09-11,True,2026-07-09T23:52:36.000+0000
006WR00000wk1EgYAI,Sun Valley Ranch Apartments,4. Project - Completed,2025-09-29,P-005524,2024-09-17,True,2026-07-23T22:44:23.000+0000
006WR00000wk1EdYAI,Cougar Creek Apartments,4. Project - Completed,2025-09-05,P-005532,2024-09-24,True,2026-07-23T22:44:23.000+0000
006WR00000wkEcIYAU,Lost Spurs,4. Project - Completed,2025-06-30,P-005535,2024-09-24,True,2026-07-08T22:51:38.000+0000
006WR00000wk1EMYAY,Hunters Pointe (Mesa),4. Project - Completed,2025-06-20,P-005538,2024-10-03,True,2026-07-08T22:51:16.000+0000
006WR00000xwGSDYA2,Omaha_MDU_St Frances Apartments,4. Project - Completed,2025-02-13,P-005540,2024-10-01,True,2026-07-09T23:52:38.000+0000
006WR00000wk1ESYAY,Willow Creek,4. Project - Completed,2025-06-30,P-005576,2024-10-15,True,2026-07-23T22:44:23.000+0000
006WR00000wk1EaYAI,Southgate Apartments,4. Project - Completed,2025-08-08,P-005581,2024-11-13,True,2026-07-23T22:44:23.000+0000
006WR00000wk1EHYAY,Boyd South Apartments,4. Project - Completed,2025-04-22,P-005606,2025-01-28,True,2026-07-08T22:51:16.000+0000
006WR00000wk1EnYAI,Hallcraft Villas Mesa 1,4. Project - Completed,2025-12-31,P-005610,2025-02-24,True,2026-07-08T22:51:16.000+0000
006WR00000wk1EfYAI,Navajo Hills,4. Project - Completed,2025-10-22,P-005634,2024-11-21,True,2026-07-23T22:44:23.000+0000
006WR00000xuCFqYAM,Omaha_MDU_The Redman Townhomes & Apartments,4. Project - Completed,2025-05-23,P-005702,2024-11-25,True,2026-07-09T23:52:17.000+0000
006WR00000xtaP4YAI,Omaha_MDU_4822-4826 Sahler St Apartments,4. Project - Completed,2025-05-23,P-005736,2024-11-25,True,2026-07-09T23:52:28.000+0000
006WR00000xvkCFYAY,Omaha_MDU_Brewer Apartments,4. Project - Completed,2025-03-07,P-005737,2024-11-25,True,2026-07-08T22:51:40.000+0000
006WR00000xvsXyYAI,Omaha_MDU_4318-4324 N 48th St Apartments,4. Project - Completed,2025-03-12,P-005738,2024-11-25,True,2026-07-09T23:52:16.000+0000
006WR00000wk1EbYAI,Valley View Estates,4. Project - Completed,2025-08-31,P-005744,2025-01-30,True,2026-07-23T22:44:23.000+0000
006WR00000wkEcRYAU,Villa Del Mar,4. Project - Completed,2025-10-23,P-005750,2025-01-28,True,2026-07-08T22:51:38.000+0000
006WR00000y3k29YAA,Omaha_MDU_9208 Ohio St,4. Project - Completed,2025-02-25,P-005787,2024-12-17,True,2026-07-08T22:51:42.000+0000
006WR00000xwFPhYAM,Omaha_MDU_4313 N 65th St,4. Project - Completed,2025-03-18,P-005788,2024-12-17,True,2026-07-09T23:52:15.000+0000
006WR00000xwFzBYAU,Omaha_MDU_Taylor Apartments,4. Project - Completed,2025-03-18,P-005789,2024-12-17,True,2026-07-09T23:52:29.000+0000
006WR00000xvbCAYAY,Omaha_MDU_4907 Ames Ave Apartments,4. Project - Completed,2025-06-30,P-005792,2024-12-17,True,2026-07-09T23:52:29.000+0000
006WR00000xvE98YAE,Omaha_MDU_6302 Boyd St,4. Project - Completed,2025-03-19,P-005793,2024-12-17,True,2026-07-09T23:52:34.000+0000
006WR00000wk1EeYAI,The Sterling Apartments,4. Project - Completed,1900-01-01,P-006882,2026-04-14,True,2026-07-08T22:51:16.000+0000
006WR00000wkEcMYAU,Park Vista Townhomes,4. Project - Completed,2025-09-11,P-005815,2025-03-05,True,2026-07-08T22:51:38.000+0000
006WR00000wkEcGYAU,The Retreat at City Center,3. Project - Construction Phase,,P-005934,2025-02-19,True,2026-07-23T22:44:23.000+0000
006WR00000wkEbVYAU,CitiFront Apartments,1. Project - PAL/ROE Signed,,P-006002,2025-02-20,True,2026-07-08T22:51:38.000+0000
006WR00000wk1EkYAI,Cielo on 5th (f/k/a Equinox on 5th),4. Project - Completed,2025-11-19,P-006003,2025-02-20,True,2026-07-23T22:44:23.000+0000
006WR00000wkEcFYAU,Equinox on Country Club,4. Project - Completed,2026-06-05,P-006004,2025-02-20,True,2026-07-23T22:44:23.000+0000
006WR00000y3NdSYAU,Omaha_MDU_Benson Crest Apartments 2,4. Project - Completed,2025-06-30,P-006006,2025-02-19,True,2026-07-08T22:51:42.000+0000
006WR00000xvEU6YAM,Omaha_MDU_6406 Boyd St,4. Project - Completed,2025-05-23,P-006007,2025-03-04,True,2026-07-09T23:52:35.000+0000
006WR00000xwGK9YAM,Omaha_MDU_6414 Boyd St,4. Project - Completed,2025-05-23,P-006011,2025-03-04,True,2026-07-09T23:52:35.000+0000
006WR00000wk1EcYAI,Terrace Heights Apartments,4. Project - Completed,2025-09-26,P-006103,2025-04-03,True,2026-07-08T22:51:16.000+0000
006WR00000wkEbWYAU,Waterstone Apartments,1. Project - PAL/ROE Signed,,P-006105,2025-04-21,False,2026-07-27T17:08:36.000+0000
006WR00000wkEawYAE,Link Canvas (fka The George & The Leonard),1. Project - PAL/ROE Signed,,P-006121,,False,2026-07-08T22:51:38.000+0000
006WR00000y3J0LYAU,Omaha_MDU_5004 Davenport St,4. Project - Completed,2026-07-01,P-006131,2026-01-28,True,2026-07-08T22:51:42.000+0000
006WR00000xwFRJYA2,Omaha_MDU_Benson Crest Apartments 1,4. Project - Completed,2025-06-30,P-006134,2025-04-02,True,2026-07-09T23:51:49.000+0000
006WR00000wkEbnYAE,Sherman Forbes Apartments,1. Project - PAL/ROE Signed,,P-006135,2025-04-16,True,2026-07-23T22:44:23.000+0000
006WR00000wkEcVYAU,Woodcreek Townhomes,4. Project - Completed,2025-10-29,P-006137,2025-04-21,True,2026-07-08T22:51:38.000+0000
006WR00000wkEaOYAU,Regents Park Apartments,1. Project - PAL/ROE Signed,,P-006138,,False,2026-07-08T22:51:37.000+0000
006WR00000wkEaPYAU,Lake Meadows Apartments,1. Project - PAL/ROE Signed,,P-006139,,False,2026-07-08T22:51:37.000+0000
006WR00000wkEbaYAE,Westcliff Apartments,1. Project - PAL/ROE Signed,,P-006148,2025-04-23,False,2026-07-23T22:44:23.000+0000
006WR00000wkEboYAE,The Bungalows,4. Project - Completed,2025-12-31,P-006154,2025-05-23,True,2026-07-24T17:06:50.000+0000
006WR00000wkEblYAE,Goldenstar Apartments,1. Project - PAL/ROE Signed,,P-006164,2025-05-14,True,2026-07-23T22:44:23.000+0000
006WR00000wkEbdYAE,Sun Place Apartments,1. Project - PAL/ROE Signed,,P-006165,2025-05-14,True,2026-07-23T22:44:23.000+0000
006WR00000wkEbkYAE,Pine Tree Park Apartments,1. Project - PAL/ROE Signed,,P-006166,2025-05-14,True,2026-07-23T22:44:23.000+0000
006WR00000wkEbxYAE,Woodcrest Townhomes,1. Project - PAL/ROE Signed,,P-006343,,True,2026-07-23T22:44:23.000+0000
006WR00000wkEbeYAE,Parkview Apartments,1. Project - PAL/ROE Signed,,P-006167,2025-05-14,True,2026-07-23T22:44:23.000+0000
006WR00000wkEbiYAE,LaBlanche Apartments,1. Project - PAL/ROE Signed,,P-006169,2025-05-14,True,2026-07-23T22:44:23.000+0000
006WR00000wkEbfYAE,Cottage Terrace Apartments,1. Project - PAL/ROE Signed,,P-006170,2025-05-14,True,2026-07-23T22:44:23.000+0000
006WR00000wkEbgYAE,Edgerton Highlands Apartments,1. Project - PAL/ROE Signed,,P-006171,2025-05-14,True,2026-07-23T22:44:23.000+0000
006WR00000wkEbcYAE,Larpenteur Manor Apartments,1. Project - PAL/ROE Signed,,P-006172,2025-05-14,True,2026-07-23T22:44:23.000+0000
006WR00000wkEbhYAE,Johnson Parkway Apartments,1. Project - PAL/ROE Signed,,P-006173,2025-05-14,True,2026-07-23T22:44:23.000+0000
006WR00000wkDvIYAU,Alameda Palms,1. Project - PAL/ROE Signed,,P-006295,,False,2026-07-08T22:51:37.000+0000
006WR00000wkEcXYAU,Lakewood Manufactured Home Community,4. Project - Completed,2025-04-04,P-006194,,False,2026-07-08T22:51:38.000+0000
006WR00000wkEcQYAU,Laguna Vista Mobile Estates,4. Project - Completed,2025-09-30,P-006195,,False,2026-07-08T22:51:38.000+0000
006WR00000wkEZiYAM,Saratoga Apartments,1. Project - PAL/ROE Signed,,P-006302,,False,2026-07-08T22:51:37.000+0000
006WR00000wkEb5YAE,Greenfield Village RV Resort,1. Project - PAL/ROE Signed,,P-006197,,False,2026-07-14T14:49:24.000+0000
006WR00000wkDu4YAE,High Country Villas 5&7,1. Project - PAL/ROE Signed,,P-006199,,True,2026-07-09T23:54:00.000+0000
006WR00000wkEbCYAU,Azle Village,1. Project - PAL/ROE Signed,,P-006200,,False,2026-07-08T22:51:38.000+0000
006WR00000wkDuaYAE,Columbia Apartments,1. Project - PAL/ROE Signed,,P-006243,,False,2026-07-08T22:51:37.000+0000
006WR00000wkDuUYAU,Pineforest Park,1. Project - PAL/ROE Signed,,P-006246,,False,2026-07-08T22:51:37.000+0000
006WR00000wkEbpYAE,Shadow Green Apartments,1. Project - PAL/ROE Signed,,P-006327,,True,2026-07-23T22:44:23.000+0000
006WR00000wkEaxYAE,Link West End,1. Project - PAL/ROE Signed,,P-006247,,False,2026-07-08T22:51:38.000+0000
006WR00000wkDucYAE,Woodbury Place Apartments,1. Project - PAL/ROE Signed,,P-006248,,False,2026-07-08T22:51:37.000+0000
006WR00000wkDugYAE,University Square Apartments,1. Project - PAL/ROE Signed,,P-006250,,False,2026-07-08T22:51:37.000+0000
006WR00000wkDukYAE,Cimarron Estates,1. Project - PAL/ROE Signed,,P-006254,,False,2026-07-08T22:51:37.000+0000
006WR00000wkDumYAE,Misty Ridge,1. Project - PAL/ROE Signed,,P-006255,,False,2026-07-08T22:51:37.000+0000
006WR00000wkDuoYAE,Park at Shiloh,1. Project - PAL/ROE Signed,,P-006256,,False,2026-07-08T22:51:37.000+0000
006WR00000wkDuqYAE,Villages at Sugar Road,1. Project - PAL/ROE Signed,,P-006257,,False,2026-07-08T22:51:37.000+0000
006WR00000wkEc9YAE,Heatherwilde Park AKA Cove at Heatherwilde,1. Project - PAL/ROE Signed,,P-006258,2025-11-06,False,2026-07-23T22:44:23.000+0000
006WR00000wkEc6YAE,Wright Senior,1. Project - PAL/ROE Signed,,P-006260,2025-11-07,False,2026-07-23T22:44:23.000+0000
006WR00000wkDuwYAE,Fairways,1. Project - PAL/ROE Signed,,P-006261,,False,2026-07-08T22:51:37.000+0000
006WR00000wkDuyYAE,Sheppard's Edge,1. Project - PAL/ROE Signed,,P-006262,,False,2026-07-08T22:51:37.000+0000
006WR00000wkDv0YAE,Boulder Springs Apartments,1. Project - PAL/ROE Signed,,P-006263,,False,2026-07-08T22:51:37.000+0000
006WR00000wkDv2YAE,St. John's,1. Project - PAL/ROE Signed,,P-006264,,False,2026-07-08T22:51:37.000+0000
006WR00000wkEbXYAU,Holiday Village Manufactured Home Village,1. Project - PAL/ROE Signed,,P-006403,,False,2026-07-14T14:45:41.000+0000
006WR00000wkDv4YAE,615 Manhattan,1. Project - PAL/ROE Signed,,P-006265,2025-12-03,True,2026-07-23T22:44:23.000+0000
006WR00000wkEbuYAE,Coyote Creek,1. Project - PAL/ROE Signed,,P-006272,,False,2026-07-23T22:44:23.000+0000
006WR00000wkDvCYAU,Chaparral Apts,1. Project - PAL/ROE Signed,,P-006293,,False,2026-07-08T22:51:37.000+0000
006WR00000wkDv6YAE,Sunset Street,1. Project - PAL/ROE Signed,,P-006294,,False,2026-07-08T22:51:37.000+0000
006WR00000wkDvEYAU,Willow Lake,1. Project - PAL/ROE Signed,,P-006297,,False,2026-07-08T22:51:37.000+0000
006WR00000wkDvAYAU,University Club Apartments (Lubbock),1. Project - PAL/ROE Signed,,P-006298,,False,2026-07-08T22:51:37.000+0000
006WR00000wkDvGYAU,Forest Gate Apartments,1. Project - PAL/ROE Signed,,P-006299,,False,2026-07-08T22:51:37.000+0000
006WR00000wkEZeYAM,Heritage Park,1. Project - PAL/ROE Signed,,P-006300,,False,2026-07-08T22:51:37.000+0000
006WR00000wkEZuYAM,Pinnacle Pointe,1. Project - PAL/ROE Signed,,P-006319,,False,2026-07-08T22:51:37.000+0000
006WR00000wkEZgYAM,University Courtyards Apartments,1. Project - PAL/ROE Signed,,P-006301,,False,2026-07-08T22:51:37.000+0000
006WR00000wkEZmYAM,Turnagain Apartments,1. Project - PAL/ROE Signed,,P-006306,,False,2026-07-08T22:51:37.000+0000
006WR00000xwG7FYAU,Omaha_MDU_Ellington Apartments,4. Project - Completed,2025-12-31,P-006712,2026-01-28,True,2026-07-09T23:52:32.000+0000
006WR00000wkEayYAE,Mississippi View,1. Project - PAL/ROE Signed,,P-006311,,True,2026-07-08T22:51:38.000+0000
006WR00000wkEcLYAU,Olympus Waterford,4. Project - Completed,2023-01-01,P-006312,,True,2026-07-08T22:51:38.000+0000
006WR00000wkEZsYAM,Park at Clear Creek,1. Project - PAL/ROE Signed,,P-006317,,False,2026-07-08T22:51:37.000+0000
006WR00000xwEztYAE,Omaha_MDU_Benson Gardens,4. Project - Completed,2025-08-27,P-006322,2025-07-08,True,2026-07-09T23:52:08.000+0000
006WR00000wkEazYAE,Spring Mountain Apartments,1. Project - PAL/ROE Signed,,P-006336,,True,2026-07-23T22:44:23.000+0000
006WR00000wkEcCYAU,Eastgate Village Apartments,1. Project - PAL/ROE Signed,,P-006720,2026-01-16,True,2026-07-24T17:06:50.000+0000
006WR00000wkEb8YAE,The Bungalows on the Lake at Prairie Queen,1. Project - PAL/ROE Signed,,P-006338,2025-06-27,False,2026-07-23T22:44:23.000+0000
006WR00000wkEb7YAE,The Bungalows on 204,1. Project - PAL/ROE Signed,,P-006339,2025-06-27,False,2026-07-23T22:44:23.000+0000
006WR00000wkEbAYAU,1010 on the Lake,1. Project - PAL/ROE Signed,,P-006340,2025-06-27,False,2026-07-23T22:44:23.000+0000
006WR00000wkEbBYAU,The Beckham,1. Project - PAL/ROE Signed,,P-006341,2025-08-12,False,2026-07-23T22:44:23.000+0000
006WR00000wkEbyYAE,Aspen Oaks,1. Project - PAL/ROE Signed,,P-006342,,True,2026-07-23T22:44:23.000+0000
006WR00000wkEbzYAE,Highland Shores Apartments,1. Project - PAL/ROE Signed,,P-006344,,True,2026-07-23T22:44:23.000+0000
006WR00000wkEbrYAE,Equinox on Indian School,1. Project - PAL/ROE Signed,,P-006363,2025-07-09,True,2026-07-23T22:44:23.000+0000
006WR00000wkEbsYAE,Pomeroy Court,1. Project - PAL/ROE Signed,,P-006364,,True,2026-07-23T22:44:23.000+0000
006WR00000wkEbtYAE,Chalk Hill Ranch Phase 1,1. Project - PAL/ROE Signed,,P-006391,,False,2026-07-17T19:20:21.000+0000
006WR00000wkEc3YAE,Capri on Camelback,1. Project - PAL/ROE Signed,,P-006392,2025-09-08,True,2026-07-23T22:44:23.000+0000
006WR00000wkEc2YAE,Meeker Commons,1. Project - PAL/ROE Signed,,P-006398,,True,2026-07-23T22:44:23.000+0000
006WR00000wkEc1YAE,Mountain Terrace,1. Project - PAL/ROE Signed,,P-006399,,True,2026-07-23T22:44:23.000+0000
006WR00000wkEbvYAE,The Traditions Apartments,1. Project - PAL/ROE Signed,,P-006402,2025-08-22,True,2026-07-23T22:44:23.000+0000
006WR00000wkEbwYAE,Garden Court Apartments,1. Project - PAL/ROE Signed,,P-006411,,True,2026-07-23T22:44:23.000+0000
006WR00000wkEcEYAU,Northampton Court Condominiums,4. Project - Completed,2026-07-21,P-006413,2026-03-27,True,2026-07-24T17:27:07.000+0000
006WR00000xwHRVYA2,Killeen_MDU_East Gate Apartments,4. Project - Completed,2026-05-29,P-006812,2026-03-24,True,2026-07-09T23:53:02.000+0000
006WR00000wkEc7YAE,Maple Grove Villas,1. Project - PAL/ROE Signed,,P-006432,,False,2026-07-23T22:44:23.000+0000
006WR00000y2FzkYAE,Omaha_MDU_4760 LAFAYETTE AVE,4. Project - Completed,2026-06-25,P-006876,2025-11-19,True,2026-07-08T22:51:42.000+0000
006WR00000wkEb0YAE,Aspen Hills,1. Project - PAL/ROE Signed,,P-006604,,False,2026-07-23T22:44:23.000+0000
006WR00000wkDtMYAU,Fort_Hood MHP,1. Project - PAL/ROE Signed,,P-006814,,False,2026-07-23T20:22:38.000+0000
006WR00000wkEb1YAE,Horizon Heights,1. Project - PAL/ROE Signed,,P-006620,,False,2026-07-27T17:07:45.000+0000
006WR00000xvjmRYAQ,Omaha_MDU_The Frederick,4. Project - Completed,2025-12-31,P-006668,2026-01-28,True,2026-07-24T17:27:07.000+0000
006WR00000xwFCnYAM,Omaha_MDU_4015 HAMILTON ST,4. Project - Completed,2026-05-28,P-006739,2026-01-28,True,2026-08-03T19:56:03.000+0000
006WR00000xvSKBYA2,Omaha_MDU_2313 N 72nd St apts,4. Project - Completed,2026-05-28,P-006745,2026-01-28,True,2026-07-09T23:52:09.000+0000
006WR00000wkEcAYAU,Creekside Apartments,1. Project - PAL/ROE Signed,,P-006748,2026-01-29,True,2026-07-24T17:02:56.000+0000
006WR00000wkEcDYAU,The 1001 Apartments,2. Project - Design Phase,,P-006749,2026-01-29,True,2026-07-08T22:51:38.000+0000
006WR00000xvZ3uYAE,Omaha_MDU_The Rose Apartments,4. Project - Completed,2026-06-25,P-006750,2026-02-02,True,2026-07-09T23:52:24.000+0000
006WR00000xw0VXYAY,Omaha_MDU_4822-4824 Cass St,4. Project - Completed,2026-06-25,P-006752,2026-02-03,True,2026-07-09T23:52:28.000+0000
006WR00000xvKb9YAE,Killeen_MDU_Villa Del North,4. Project - Completed,2026-05-29,P-006754,2026-02-09,True,2026-07-09T23:52:39.000+0000
006WR00000xvW9GYAU,Taylor_MDU_Vance Apartments,3. Project - Construction Phase,,P-006755,2026-02-09,True,2026-07-24T17:27:07.000+0000
006WR00000wkEcBYAU,Heritage of Newark (FKA Newark Beach Estates),3. Project - Construction Phase,,P-006759,2026-02-06,True,2026-07-24T17:27:07.000+0000
006WR00000xvhSvYAI,Killeen_MDU_1015-1017 Parmer Ave,4. Project - Completed,2026-07-01,P-006760,2026-02-09,True,2026-07-09T23:52:40.000+0000
006WR00000xwHHpYAM,Killeen_MDU_Downtown Manor,1. Project - PAL/ROE Signed,,P-006761,2026-02-09,True,2026-07-09T23:52:58.000+0000
006WR00000xv5LzYAI,Killeen_MDU_Stringer St Apts,4. Project - Completed,2026-07-09,P-006762,2026-02-09,True,2026-07-10T11:24:27.000+0000
006WR00000xvWR0YAM,Omaha_MDU_4810-4812 Capital Ave,4. Project - Completed,2026-05-28,P-006766,2026-02-09,True,2026-07-24T18:14:13.000+0000
006WR00000xv174YAA,Omaha_MDU_The Wakeley Pointe,4. Project - Completed,2026-06-25,P-006767,2026-02-09,True,2026-07-24T17:27:01.000+0000
006WR00000wkA8yYAE,78th Place Apartments,4. Project - Completed,2026-06-25,P-006773,2026-02-18,True,2026-07-24T17:27:00.000+0000
006WR00000xwF7xYAE,Omaha_MDU_360 Skyview,4. Project - Completed,2026-06-25,P-006899,2026-04-17,True,2026-07-09T23:52:10.000+0000
006WR00000xwH89YAE,Killeen_MDU_425 N Gilmer St,3. Project - Construction Phase,,P-006776,2026-02-18,True,2026-07-24T17:27:07.000+0000
006WR00000xwHJRYA2,Killeen_MDU_703 Gilmer Street Apartments,4. Project - Completed,2026-07-20,P-006778,2026-02-18,True,2026-07-24T17:27:07.000+0000
006WR00000xwGnBYAU,Killeen_MDU_201 W Green Ave,1. Project - PAL/ROE Signed,,P-006779,2026-02-18,False,2026-07-23T21:41:28.000+0000
006WR00000xvPe3YAE,Killeen_MDU_602 N 2nd St,1. Project - PAL/ROE Signed,,P-006788,2026-02-18,False,2026-07-23T21:41:28.000+0000
006WR00000wkEbOYAU,Patriot Place,3. Project - Construction Phase,,P-006791,2026-02-26,True,2026-07-16T16:35:55.000+0000
006WR00000xw7NKYAY,Killeen_MDU_511 N Gilmer & 512 Wyoming St,4. Project - Completed,2026-07-20,P-006796,2026-02-26,True,2026-07-24T17:27:07.000+0000
006WR00000xwGATYA2,Omaha_MDU_California Place,4. Project - Completed,2026-06-25,P-006799,2026-03-04,True,2026-07-24T17:26:59.000+0000
006WR00000xvAAMYA2,Omaha_MDU_4527 Decatur St,4. Project - Completed,2026-06-25,P-006803,2026-02-27,True,2026-07-09T23:52:20.000+0000
006WR00000wkEbQYAU,307 N 14th Apartments (aka Paloma Gardens),2. Project - Design Phase,,P-006808,2026-02-26,True,2026-07-09T23:54:02.000+0000
006WR00000wkAC1YAM,Paul Mark Apts,4. Project - Completed,2026-07-20,P-006809,2026-03-03,True,2026-07-24T17:27:07.000+0000
006WR00000xwFSvYAM,Omaha_MDU_4455 Franklin St,4. Project - Completed,2026-07-01,P-006815,2026-03-16,True,2026-07-08T22:51:42.000+0000
006WR00000wiNoSYAU,Haciendas de la Playa,4. Project - Completed,2024-06-04,P-005191,2024-07-30,True,2026-07-08T22:51:10.000+0000
006WR00000wk9UvYAI,The Resort at Encinitas,2. Project - Design Phase,,P-004727,2024-05-10,True,2026-07-23T22:44:23.000+0000
006WR00000wk9UtYAI,Regal View HOA,2. Project - Design Phase,,P-004565,2024-04-18,True,2026-07-08T22:51:19.000+0000
006WR00000wkEbSYAU,Saffari Apartments,2. Project - Design Phase,,P-006823,2026-05-22,True,2026-07-27T17:31:47.000+0000
006WR00000wk9SnYAI,Seascape Sur,2. Project - Design Phase,,P-005369,2024-08-02,True,2026-07-08T22:51:18.000+0000
006WR00000yuOtDYAU,Pacifica Leucadia HOA,2. Project - Design Phase,,P-004252,2024-03-15,True,2026-07-23T22:44:23.000+0000
006WR00000wk9SsYAI,Sandpiper Pointe,2. Project - Design Phase,,P-004454,2024-04-26,True,2026-07-27T16:46:18.000+0000
006WR00000wkA8ZYAU,Del Mar Downs Condos,2. Project - Design Phase,,P-004726,2024-05-10,True,2026-07-08T22:51:21.000+0000
006WR00000wkCjnYAE,Sixth Green Townhomes,2. Project - Design Phase,,P-005541,2024-09-26,True,2026-07-08T22:51:31.000+0000
006WR00000y3k5NYAQ,Decatur_MDU_Smallwood Trailer Park,4. Project - Completed,2025-07-31,P-006442,,False,2026-07-08T22:51:42.000+0000
006WR00000wkEbPYAU,1507 N 8th Apartments (aka The Gables at 8th),2. Project - Design Phase,,P-006818,2026-05-21,True,2026-07-09T23:54:03.000+0000
006WR00000wkEbRYAU,Jerome Apartments_Colt RE,2. Project - Design Phase,,P-006820,2026-05-22,True,2026-07-09T23:54:03.000+0000
006WR00000wkEbTYAU,Soaring Eagle Apartments,2. Project - Design Phase,,P-006824,2026-06-02,True,2026-07-24T15:32:24.000+0000
006WR00000wkEbUYAU,1807 Mulford Apartments_Colt RE,2. Project - Design Phase,,P-006826,2026-06-03,True,2026-07-09T23:54:04.000+0000
006WR00000xwGwrYAE,Killeen_MDU_Magnolia Heights,3. Project - Construction Phase,,P-006829,2026-03-19,True,2026-07-24T17:27:07.000+0000
006WR00000xvFEsYAM,Killeen_MDU_813 N Park St Apartments,1. Project - PAL/ROE Signed,,P-006831,2026-03-20,False,2026-07-23T21:41:28.000+0000
006WR00000xvmSZYAY,Killeen_MDU_The Links Apts,4. Project - Completed,2026-07-09,P-006833,2026-03-17,True,2026-07-10T11:24:27.000+0000
006WR00000wkBToYAM,Orchard Park Apartments,4. Project - Completed,2026-07-08,P-006874,2026-03-23,True,2026-07-24T17:26:58.000+0000
006WR00000y2DuoYAE,Solana Beach_MDU_Seascape Chateau,4. Project - Completed,2024-06-03,P-006844,,False,2026-07-15T05:34:09.000+0000
006WR00000wkClNYAU,Del Mar Beach Club,4. Project - Completed,2024-06-03,P-006836,,False,2026-07-15T05:13:35.000+0000
006WR00000wkBTuYAM,Indian Hills Village Apartments,3. Project - Construction Phase,,P-006872,2026-03-24,True,2026-07-24T18:09:52.000+0000
006WR00000wkClkYAE,Las Brisas,4. Project - Completed,2024-06-03,P-006843,,False,2026-07-15T05:06:00.000+0000
006WR00000wkCllYAE,Del Mar Shores Terrace,4. Project - Completed,2024-06-03,P-006842,,False,2026-07-15T05:30:57.000+0000
006WR00000y3iV0YAI,Solana Beach_MDU_Seascape Shores Condos,4. Project - Completed,2024-06-03,P-006845,,False,2026-07-15T05:34:59.000+0000
006WR00000wk9YTYAY,Solana Beach and Tennis Club,4. Project - Completed,2024-06-03,P-006846,,False,2026-07-08T22:51:19.000+0000
006WR00000y24mZYAQ,Solana Beach_MDU_Surfsong Condos,4. Project - Completed,2024-06-03,P-006847,,False,2026-07-15T05:32:41.000+0000
006WR00000wkDuOYAU,Stonebridge Gardens,1. Project - PAL/ROE Signed,,P-001672,,False,2026-07-14T14:49:54.000+0000
006WR00000wkDuKYAU,Fowler's RV Park,1. Project - PAL/ROE Signed,,P-006203,,False,2026-07-08T22:51:37.000+0000
006WR00000wkDtzYAE,Whispering Hills Apartments,3. Project - Construction Phase,,P-006859,2026-04-22,True,2026-07-24T17:27:07.000+0000
006WR00000wk9RuYAI,Town East,3. Project - Construction Phase,,P-006861,2026-04-16,True,2026-07-24T17:27:07.000+0000
006WR00000wk9RtYAI,117 and 121 W Avenue A Apartments,3. Project - Construction Phase,,P-006862,2026-04-17,True,2026-07-15T05:41:37.000+0000
006WR00000wkAk9YAE,Four Seasons Condominiums of Winter Park,1. Project - PAL/ROE Signed,,P-001021,2023-02-24,False,2026-07-23T22:44:23.000+0000
006WR00000wjKFoYAM,Versante Apartment Homes,1. Project - PAL/ROE Signed,,P-001802,2023-07-18,False,2026-07-23T22:44:23.000+0000
006WR00000wkBojYAE,The Outlook at Windhaven,1. Project - PAL/ROE Signed,,P-001818,,False,2026-07-23T22:44:23.000+0000
006WR00000wkAVPYA2,Benedict Park Place,1. Project - PAL/ROE Signed,,P-001607,,False,2026-07-23T22:44:23.000+0000
006WR00000wkACGYA2,Bella Vita,1. Project - PAL/ROE Signed,,P-000967,2022-09-22,False,2026-07-23T22:44:23.000+0000
006WR00000wk9TBYAY,San Clemente,1. Project - PAL/ROE Signed,,P-001019,2023-02-24,False,2026-07-23T22:44:23.000+0000
006WR00000wk9TCYAY,San Angelin,1. Project - PAL/ROE Signed,,P-001020,2023-02-24,False,2026-07-23T22:44:23.000+0000
006WR00000wkAjtYAE,Camino Colony,1. Project - PAL/ROE Signed,,P-001089,2023-03-17,False,2026-07-23T22:44:23.000+0000
006WR00000wkAkHYAU,Adiamo Palm Valley,1. Project - PAL/ROE Signed,,P-001113,2023-03-27,False,2026-07-23T22:44:23.000+0000
006WR00000wk9TGYAY,San Miguel Apartments,1. Project - PAL/ROE Signed,,P-001608,2023-07-18,False,2026-07-23T22:44:23.000+0000
006WR00000wkDLxYAM,Lemon & Pear Tree Apartments,1. Project - PAL/ROE Signed,,P-001610,2023-05-09,False,2026-07-23T22:44:23.000+0000
006WR00000wkDM2YAM,The Forum Apartments FKA Archstone Apartments,1. Project - PAL/ROE Signed,,P-001612,,False,2026-07-24T16:44:49.000+0000
006WR00000wkCm3YAE,Vida Apartments,1. Project - PAL/ROE Signed,,P-002041,,False,2026-07-24T17:27:29.000+0000
006WR00000wkAs5YAE,Seattle Heights,1. Project - PAL/ROE Signed,,P-002801,2023-10-06,False,2026-07-23T22:44:23.000+0000
006WR00000wkArMYAU,Madison Crossing,1. Project - PAL/ROE Signed,,P-003273,2023-11-06,False,2026-07-23T22:44:23.000+0000
006WR00000wkArKYAU,Lawrence Lofts,1. Project - PAL/ROE Signed,,P-003274,2023-11-01,False,2026-07-23T22:44:23.000+0000
006WR00000wkClBYAU,Belterra,1. Project - PAL/ROE Signed,,P-004475,,False,2026-07-23T21:41:28.000+0000
006WR00000wkDLtYAM,Olympus Town Center,1. Project - PAL/ROE Signed,,P-004486,,False,2026-07-23T21:41:28.000+0000
006WR00000wkDM3YAM,Luxe at Ocotillo,1. Project - PAL/ROE Signed,,P-004490,,False,2026-07-23T22:44:23.000+0000
006WR00000wkDM4YAM,Ocotillo Bay,1. Project - PAL/ROE Signed,,P-004491,,False,2026-07-23T22:44:23.000+0000
006WR00000wkC7XYAU,Villas Mesa 2,1. Project - PAL/ROE Signed,,P-005598,,False,2026-07-23T22:44:23.000+0000
006WR00000wjnmKYAQ,University Apartments,1. Project - PAL/ROE Signed,,P-005894,,False,2026-07-23T22:44:23.000+0000
006WR00000wk9ULYAY,Cottages of Edina,1. Project - PAL/ROE Signed,,P-006318,,False,2026-07-23T22:44:23.000+0000
006WR00000wkDtnYAE,La Costa at Dobson Ranch,1. Project - PAL/ROE Signed,,P-006485,,False,2026-07-23T22:44:23.000+0000
006WR00000wkDtxYAE,Olive East,1. Project - PAL/ROE Signed,,P-006486,,False,2026-07-23T22:44:23.000+0000
006WR00000yvz12YAA,Cambria HOA,1. Project - PAL/ROE Signed,,P-006488,,False,2026-07-23T22:44:23.000+0000
006WR00000wk1EpYAI,Linea Stillwater,1. Project - PAL/ROE Signed,,P-006877,,False,2026-07-23T21:41:28.000+0000
006WR00000wkCjuYAE,Bradley Arms,2. Project - Design Phase,,P-006884,2026-06-04,True,2026-07-27T17:31:33.000+0000
006WR00000wkDtwYAE,Woodglen Square ll,2. Project - Design Phase,,P-006898,2026-05-21,True,2026-07-28T19:21:52.000+0000
006WR00000wkEbGYAU,Sahara & Playa Palms Apartments,1. Project - PAL/ROE Signed,,P-006153,2025-04-25,False,2026-07-14T14:48:56.000+0000
006WR00000wkArEYAU,River Walk Apartments,1. Project - PAL/ROE Signed,,P-004241,2024-03-21,False,2026-07-08T22:51:25.000+0000
006WR00000wkDLwYAM,Waterford Place Apartments,1. Project - PAL/ROE Signed,,P-004316,,False,2026-07-23T22:44:23.000+0000
006WR00000wkDtPYAU,Yale Park,1. Project - PAL/ROE Signed,,P-004705,2024-05-29,False,2026-07-08T22:51:37.000+0000
006WR00001FjkonYAB,Omaha_MDU_9140 W Dodge Rd,1. Project - PAL/ROE Signed,,P-004892,2024-05-29,False,2026-07-24T18:00:22.000+0000
006WR00000xwFBBYA2,Omaha_MDU_Fontenelle Cottages,1. Project - PAL/ROE Signed,,P-005533,,False,2026-07-23T21:41:30.000+0000
006WR00000y46nRYAQ,Omaha_MDU_Farnam Flats,1. Project - PAL/ROE Signed,,P-005539,2024-10-02,False,2026-07-08T22:51:42.000+0000
006WR00000wkEbHYAU,Arcadia Walk,1. Project - PAL/ROE Signed,,P-006151,2025-04-25,False,2026-07-14T14:47:45.000+0000
006WR00000wkEb3YAE,Sunridge Patio Homes,1. Project - PAL/ROE Signed,,P-006196,,False,2026-07-08T22:51:38.000+0000
006WR00000wkEbFYAU,Southern Hills Manufactured Home Community,1. Project - PAL/ROE Signed,,P-006201,,False,2026-07-08T22:51:38.000+0000
006WR00000wkEbEYAU,Big Oaks Estates,1. Project - PAL/ROE Signed,,P-006202,,False,2026-07-08T22:51:38.000+0000
006WR00000wkEb6YAE,Pecan Acres RV Park,1. Project - PAL/ROE Signed,,P-006216,,False,2026-07-08T22:51:38.000+0000
006WR00000wk9RyYAI,Rivers Edge,,,P-006877,,False,2026-07-08T22:51:18.000+0000
006WR00001Fl90KYAR,Omaha_MDU_Indian Hills Village Court,3. Project - Construction Phase,,P-006838,2026-03-24,True,2026-07-24T18:00:22.000+0000
006WR00000wkEbDYAU,Heritage Oaks,,,P-006906,,False,2026-07-24T18:00:22.000+0000
