Action,Agreement_Id,Agreement_Name,Field,Before,After,Source,Status,Timestamp
UPDATE,a0BWR0000083yBC2AY,AGR-0041,Signed_Date__c,None,2026-03-11,IronClad export IC-2181 executed_date,Cancelled,2026-05-04T16:26:59.890663
UPDATE,a0BWR0000083yBE2AY,AGR-0043,Signed_Date__c,None,2026-03-11,IronClad export IC-2182 executed_date,Cancelled,2026-05-04T16:27:00.142545
UPDATE,a0BWR0000083yBp2AI,AGR-0080,Signed_Date__c,None,2025-09-05,IronClad export IC-1359 agreement_date,Review,2026-05-04T16:27:00.431898
UPDATE,a0BWR0000083yDT2AY,AGR-0182,Signed_Date__c,None,2024-07-30,IronClad export IC-679 agreement_date,Completed,2026-05-04T16:27:00.764322
UPDATE,a0BWR0000083yDl2AI,AGR-0200,Signed_Date__c,None,2023-12-08,IronClad export IC-1296 effective_date,Completed,2026-05-04T16:27:01.026052
UPDATE,a0BWR0000083yDz2AI,AGR-0214,Signed_Date__c,None,2024-07-19,IronClad export IC-686 agreement_date,Completed,2026-05-04T16:27:01.287690
UPDATE,a0BWR0000083yEM2AY,AGR-0237,Signed_Date__c,None,2024-07-24,IronClad export IC-2653 agreement_date,Completed,2026-05-04T16:27:01.556043
UPDATE,a0BWR0000083yFX2AY,AGR-0310,Signed_Date__c,None,2024-03-20,IronClad export IC-1315 effective_date,Paused,2026-05-04T16:27:01.817634
UPDATE,a0BWR0000083yGv2AI,AGR-0396,Signed_Date__c,None,2026-03-11,IronClad export IC-2154 executed_date,Cancelled,2026-05-04T16:27:02.049217
UPDATE,a0BWR0000083yU12AI,AGR-0908,Signed_Date__c,None,2026-01-16,IronClad export IC-640 executed_date,Cancelled,2026-05-04T16:27:02.361948
UPDATE,a0BWR0000083yXM2AY,AGR-1115,Signed_Date__c,None,2026-02-09,IronClad export IC-298 executed_date,Cancelled,2026-05-04T16:27:02.661193
UPDATE,a0BWR0000083yXw2AI,AGR-1151,Signed_Date__c,None,2024-08-23,IronClad export IC-1005 effective_date,Completed,2026-05-04T16:27:02.917622
UPDATE,a0BWR0000083yak2AA,AGR-1325,Signed_Date__c,None,2025-07-29,IronClad export IC-713 executed_date,Cancelled,2026-05-04T16:27:03.174612
UPDATE,a0BWR000008a1kB2AQ,AGR-1513,Signed_Date__c,None,2025-08-05,IronClad export IC-1517 agreement_date,Completed,2026-05-04T16:27:03.583565
UPDATE,a0BWR000008a4jh2AA,AGR-1501,Signed_Date__c,None,2025-03-11,IronClad export IC-658 agreement_date,Completed,2026-05-04T16:27:03.864375
UPDATE,a0BWR000008a60f2AA,AGR-1508,Signed_Date__c,None,2025-09-15,IronClad export IC-1518 agreement_date,Completed,2026-05-04T16:27:04.344128
UPDATE,a0BWR000008a68j2AA,AGR-1514,Signed_Date__c,None,2025-08-19,IronClad export IC-1515 agreement_date,Completed,2026-05-04T16:27:04.609185
UPDATE,a0BWR000008aA972AE,AGR-1515,Signed_Date__c,None,2025-05-19,IronClad export IC-672 agreement_date,Completed,2026-05-04T16:27:04.896395
UPDATE,a0BWR000008aAAj2AM,AGR-1516,Signed_Date__c,None,2025-05-12,IronClad export IC-666 agreement_date,Completed,2026-05-04T16:27:05.330930
UPDATE,a0BWR000008aACL2A2,AGR-1517,Signed_Date__c,None,2025-01-30,IronClad export IC-677 agreement_date,Completed,2026-05-04T16:27:05.633761
UPDATE,a0BWR000008aAHB2A2,AGR-1519,Signed_Date__c,None,2025-04-04,IronClad export IC-675 agreement_date,Completed,2026-05-04T16:27:05.886890
UPDATE,a0BWR000008aAIn2AM,AGR-1520,Signed_Date__c,None,2024-07-19,IronClad export IC-684 agreement_date,Completed,2026-05-04T16:27:06.142044
UPDATE,a0BWR000008aAM12AM,AGR-1522,Signed_Date__c,None,2025-03-17,IronClad export IC-667 agreement_date,Completed,2026-05-04T16:27:06.443468
UPDATE,a0BWR000008aANd2AM,AGR-1523,Signed_Date__c,None,2025-03-17,IronClad export IC-668 agreement_date,Completed,2026-05-04T16:27:06.690620
UPDATE,a0BWR000008aAQr2AM,AGR-1525,Signed_Date__c,None,2025-03-17,IronClad export IC-670 agreement_date,Completed,2026-05-04T16:27:06.953166
UPDATE,a0BWR000008aAST2A2,AGR-1526,Signed_Date__c,None,2025-04-24,IronClad export IC-678 agreement_date,Completed,2026-05-04T16:27:07.342239
UPDATE,a0BWR000008aAU52AM,AGR-1527,Signed_Date__c,None,2024-07-19,IronClad export IC-681 agreement_date,Completed,2026-05-04T16:27:07.568172
UPDATE,a0BWR000008aAaX2AU,AGR-1531,Signed_Date__c,None,2025-03-27,IronClad export IC-697 agreement_date,Completed,2026-05-04T16:27:07.885816
UPDATE,a0BWR000008aAqf2AE,AGR-1534,Signed_Date__c,None,2025-01-22,IronClad export IC-365 agreement_date,Completed,2026-05-04T16:27:08.232121
UPDATE,a0BWR000008aB1x2AE,AGR-1540,Signed_Date__c,None,2025-07-08,IronClad export IC-1520 agreement_date,Completed,2026-05-04T16:27:08.561013
UPDATE,a0BWR000008aB6n2AE,AGR-1543,Signed_Date__c,None,2025-08-12,IronClad export IC-1524 agreement_date,Completed,2026-05-04T16:27:08.809291
UPDATE,a0BWR000008aB8P2AU,AGR-1544,Signed_Date__c,None,2025-07-31,IronClad export IC-1526 agreement_date,Completed,2026-05-04T16:27:09.074794
UPDATE,a0BWR000008aBBd2AM,AGR-1546,Signed_Date__c,None,2024-08-21,IronClad export IC-680 agreement_date,Completed,2026-05-04T16:27:09.365420
UPDATE,a0BWR000008aBGT2A2,AGR-1548,Signed_Date__c,None,2025-06-24,IronClad export IC-1529 agreement_date,Completed,2026-05-04T16:27:09.626832
UPDATE,a0BWR000008bmnR2AQ,AGR-1549,Signed_Date__c,None,2026-05-04,IronClad export IC-2928 executed_date,Sign,2026-05-04T16:27:09.846323
