Id,Name,Site,Batch,From Stage,From Loss,To Stage,Proposed Next_Action__c,Chars
006WR00000wkABeYAM,Azlewood,Azle_MDU_Azlewood,2026-07-16,Closed Lost,No Contact Info,Prospects,Moved from Closed - Contact Info to Prospects per 7/15/2026 call,64
006WR00000wkA8UYAU,Gateway Village Apartments,Azle_MDU_Gateway Village Apartments,2026-07-16,Closed Lost,No Contact Info,Prospects,Moved from Closed - Contact Info to Prospects per 7/15/2026 call,64
006WR00000wkC7yYAE,Quail Run Apartments,Decatur_MDU_Quail Run Apartments,2026-07-16,Closed Lost,No Contact Info,Prospects,Moved from Closed - Contact Info to Prospects per 7/15/2026 call,64
006WR00000wkCjfYAE,Stone Hill Apartments,Decatur_MDU_Stone Hill Apartments,2026-07-16,Closed Lost,No Contact Info,Prospects,Moved from Closed - Contact Info to Prospects per 7/15/2026 call,64
006WR00000wkCljYAE,Eagle's Point Apartments,Fort Worth_MDU_Eagle's Point Apartments,2026-07-16,Closed Lost,No Contact Info,Prospects,Moved from Closed - Contact Info to Prospects per 7/15/2026 call,64
006WR00000wkDM7YAM,Garden Gate Apartments,Fort Worth_MDU_Garden Gate Apartments,2026-07-16,Closed Lost,No Contact Info,Prospects,Moved from Closed - Contact Info to Prospects per 7/15/2026 call,64
006WR00000wkDMLYA2,Harmon Senior Villas,Fort Worth_MDU_Harmon Senior Villas,2026-07-16,Closed Lost,No Contact Info,Prospects,Moved from Closed - Contact Info to Prospects per 7/15/2026 call,64
006WR00000wkDMKYA2,Legacy Riverside Senior Living,Fort Worth_MDU_Legacy Riverside Senior Living,2026-07-16,Closed Lost,No Contact Info,Prospects,Moved from Closed - Contact Info to Prospects per 7/15/2026 call,64
006WR00000wkDMGYA2,North Park Landing Apartments,Fort Worth_MDU_North Park Landing Apartments,2026-07-16,Closed Lost,No Contact Info,Prospects,Moved from Closed - Contact Info to Prospects per 7/15/2026 call,64
006WR00000wkDMUYA2,The Holston,Fort Worth_MDU_The Holston,2026-07-16,Closed Lost,No Contact Info,Prospects,Moved from Closed - Contact Info to Prospects per 7/15/2026 call,64
006WR00000wkClTYAU,The Palo Apartments,Fort Worth_MDU_The Palo Apartments,2026-07-16,Closed Lost,No Contact Info,Prospects,Moved from Closed - Contact Info to Prospects per 7/15/2026 call,64
006WR00000wkClcYAE,The Palo Townhomes,Fort Worth_MDU_The Palo Townhomes,2026-07-16,Closed Lost,No Contact Info,Prospects,Moved from Closed - Contact Info to Prospects per 7/15/2026 call,64
006WR00000wkDMOYA2,Georgetown Place Apartments,Georgetown_MDU_Georgetown Place Apartments,2026-07-16,Closed Lost,No Contact Info,Prospects,Moved from Closed - Contact Info to Prospects per 7/15/2026 call,64
006WR00000wkAByYAM,New Life RV Park,Georgetown_MDU_New Life RV Park,2026-07-16,Closed Lost,No Contact Info,Prospects,Moved from Closed - Contact Info to Prospects per 7/15/2026 call,64
006WR00000wkDMNYA2,Heights at 701,Harker Heights_MDU_Height_at_701_ Apartments,2026-07-16,Closed Lost,No Contact Info,Prospects,Moved from Closed - Contact Info to Prospects per 7/15/2026 call,64
006WR00000wkA98YAE,Churchill at Golden Triangle,Keller_MDU_Churchill at Golden Triangle,2026-07-16,Closed Lost,No Contact Info,Prospects,Moved from Closed - Contact Info to Prospects per 7/15/2026 call,64
006WR00000wkCloYAE,Elan at Keller Ranch,Keller_MDU_Elan at Keller Ranch,2026-07-16,Closed Lost,No Contact Info,Prospects,Moved from Closed - Contact Info to Prospects per 7/15/2026 call,64
006WR00000wkClqYAE,The Lyric at Keller Center Stage,Keller_MDU_The Lyric at Keller Center Stage,2026-07-16,Closed Lost,No Contact Info,Prospects,Moved from Closed - Contact Info to Prospects per 7/15/2026 call,64
006WR00000wkDtEYAU,Killeen_MDU_408-420 E Hallmark Ave,Killeen_MDU_408-420 E Hallmark Ave,2026-07-16,Closed Lost,No Contact Info,Prospects,Moved from Closed - Contact Info to Prospects per 7/15/2026 call,64
006WR00000wk9T9YAI,Killeen_MDU_512 W Green Ave_Morris RE,Killeen_MDU_512 W Green Ave,2026-07-16,Closed Lost,No Contact Info,Prospects,Moved from Closed - Contact Info to Prospects per 7/15/2026 call,64
006WR00000wkCjPYAU,Century Plaza,Killeen_MDU_Century Plaza,2026-07-16,Closed Lost,No Contact Info,Prospects,Moved from Closed - Contact Info to Prospects per 7/15/2026 call,64
006WR00000wkDtIYAU,John Wesley Arms,Killeen_MDU_John Wesley Arms,2026-07-16,Closed Lost,No Contact Info,Prospects,Moved from Closed - Contact Info to Prospects per 7/15/2026 call,64
006WR00000wkDtJYAU,Las Palmas,Killeen_MDU_Las Palmas,2026-07-16,Closed Lost,No Contact Info,Prospects,Moved from Closed - Contact Info to Prospects per 7/15/2026 call,64
006WR00000wkDtAYAU,Marlboro_Heights_Mobile Home_Park,KIlleen_MDU_Marlboro_Heights_Mobile_Park,2026-07-16,Closed Lost,No Contact Info,Prospects,Moved from Closed - Contact Info to Prospects per 7/15/2026 call,64
006WR00000wkDtDYAU,Nolan Creek Mobile Park,KILLEEN_MDU_Nolan Creek Mobile Park,2026-07-16,Closed Lost,No Contact Info,Prospects,Moved from Closed - Contact Info to Prospects per 7/15/2026 call,64
006WR00000wk9T8YAI,Quail Hollow Apts_Morris RE,Killeen_MDU_Quail Hollow Apts,2026-07-16,Closed Lost,No Contact Info,Prospects,Moved from Closed - Contact Info to Prospects per 7/15/2026 call,64
006WR00000wkA9KYAU,River Oaks Apartments,Killeen_MDU_River Oaks Apartments,2026-07-16,Closed Lost,No Contact Info,Prospects,Moved from Closed - Contact Info to Prospects per 7/15/2026 call,64
006WR00000wk9T6YAI,Terrace Villa_Morris RE,Killeen_MDU_Terence Villa,2026-07-16,Closed Lost,No Contact Info,Prospects,Moved from Closed - Contact Info to Prospects per 7/15/2026 call,64
006WR00000wkC7xYAE,Chateau West Apartments,Killeen_MDU_The Chateau West Apartments,2026-07-16,Closed Lost,No Contact Info,Prospects,Moved from Closed - Contact Info to Prospects per 7/15/2026 call,64
006WR00000wkA90YAE,Villa Del Rey _ FF Freddy,Killeen_MDU_Villa Del Rey Apartments,2026-07-16,Closed Lost,No Contact Info,Prospects,Moved from Closed - Contact Info to Prospects per 7/15/2026 call,64
006WR00000wk9T7YAI,Village West Apartments_Morris RE,Killeen_MDU_Village West Apartments,2026-07-16,Closed Lost,No Contact Info,Prospects,Moved from Closed - Contact Info to Prospects per 7/15/2026 call,64
006WR00000wkABsYAM,Heritage Manor,Mineral Wells_MDU_Heritage Manor,2026-07-16,Closed Lost,No Contact Info,Prospects,Moved from Closed - Contact Info to Prospects per 7/15/2026 call,64
006WR00000wkDM6YAM,Sandstone Foothills Apartments,Mineral Wells_MDU_Sandstone Foothills Apartments,2026-07-16,Closed Lost,No Contact Info,Prospects,Moved from Closed - Contact Info to Prospects per 7/15/2026 call,64
006WR00000wkCjQYAU,Southridge Apartments,Mineral Wells_MDU_Southridge Apartments,2026-07-16,Closed Lost,No Contact Info,Prospects,Moved from Closed - Contact Info to Prospects per 7/15/2026 call,64
006WR00000wkDMAYA2,The Peaks Townhomes,Mineral Wells_MDU_The Peaks Townhomes,2026-07-16,Closed Lost,No Contact Info,Prospects,Moved from Closed - Contact Info to Prospects per 7/15/2026 call,64
006WR00000wkDtOYAU,OMAHA_MDU_58TH_Plaza_CIR,OMAHA_MDU_58TH_Plaza_CIR,2026-07-16,Closed Lost,No Contact Info,Prospects,Moved from Closed - Contact Info to Prospects per 7/15/2026 call,64
006WR00000wkArrYAE,Astoria Senior Living,Omaha_MDU_Astoria Senior Living,2026-07-16,Closed Lost,No Contact Info,Prospects,Moved from Closed - Contact Info to Prospects per 7/15/2026 call,64
006WR00000wj8KcYAI,Camelot Village,Omaha_MDU_Camelot Village,2026-07-16,Closed Lost,No Contact Info,Prospects,Moved from Closed - Contact Info to Prospects per 7/15/2026 call,64
006WR00000wkA8pYAE,Caravelle Apartments,Omaha_MDU_Caravelle Apartments,2026-07-16,Closed Lost,No Contact Info,Prospects,Moved from Closed - Contact Info to Prospects per 7/15/2026 call,64
006WR00000wkDtNYAU,Omaha_MDU_Cherry Tree Apartments,Omaha_MDU_Cherry Tree Apartments,2026-07-16,Closed Lost,No Contact Info,Prospects,Moved from Closed - Contact Info to Prospects per 7/15/2026 call,64
006WR00000wkA8tYAE,Corby Castle Apts,Omaha_MDU_Corby Castle Apts,2026-07-16,Closed Lost,No Contact Info,Prospects,Moved from Closed - Contact Info to Prospects per 7/15/2026 call,64
006WR00000wkDMEYA2,Corby Street Apartments,Omaha_MDU_Corby Street Apartments,2026-07-16,Closed Lost,No Contact Info,Prospects,Moved from Closed - Contact Info to Prospects per 7/15/2026 call,64
006WR00000wkA8vYAE,Coronado Condominiums,Omaha_MDU_Coronado Condominiums,2026-07-16,Closed Lost,No Contact Info,Prospects,Moved from Closed - Contact Info to Prospects per 7/15/2026 call,64
006WR00000wkA8wYAE,Cypress Pointe II Apartment Complex,Omaha_MDU_Cypress Pointe II Apartment Complex,2026-07-16,Closed Lost,No Contact Info,Prospects,Moved from Closed - Contact Info to Prospects per 7/15/2026 call,64
006WR00000wkA6VYAU,Dundee View,Omaha_MDU_Dundee View Apartments,2026-07-16,Closed Lost,No Contact Info,Prospects,Moved from Closed - Contact Info to Prospects per 7/15/2026 call,64
006WR00000wj8KLYAY,Juniper Gardens,Omaha_MDU_Florentine Apartments,2026-07-16,Closed Lost,No Contact Info,Prospects,Moved from Closed - Contact Info to Prospects per 7/15/2026 call,64
006WR00000wkA8gYAE,Hillside Park Apartments,Omaha_MDU_Hillside Park Apartments,2026-07-16,Closed Lost,No Contact Info,Prospects,Moved from Closed - Contact Info to Prospects per 7/15/2026 call,64
006WR00000wkCjqYAE,Hillside Rows Apts,Omaha_MDU_Hillside Rows Apts,2026-07-16,Closed Lost,No Contact Info,Prospects,Moved from Closed - Contact Info to Prospects per 7/15/2026 call,64
006WR00000wkA8rYAE,Laurel Hill Apartments,Omaha_MDU_Laurel Hill Apartments,2026-07-16,Closed Lost,No Contact Info,Prospects,Moved from Closed - Contact Info to Prospects per 7/15/2026 call,64
006WR00000wkC73YAE,Loveland by Broadmoor,Omaha_MDU_Loveland by Broadmoor,2026-07-16,Closed Lost,No Contact Info,Prospects,Moved from Closed - Contact Info to Prospects per 7/15/2026 call,64
006WR00000wkBTzYAM,Luma Lane Apartments,Omaha_MDU_Luma Lane Apartments,2026-07-16,Closed Lost,No Contact Info,Prospects,Moved from Closed - Contact Info to Prospects per 7/15/2026 call,64
006WR00000wkA8FYAU,Maplewood Court Apartments,Omaha_MDU_Maplewood Court Apartments,2026-07-16,Closed Lost,No Contact Info,Prospects,Moved from Closed - Contact Info to Prospects per 7/15/2026 call,64
006WR00000wkCkZYAU,New Towne West Apts,Omaha_MDU_New Towne West Apts,2026-07-16,Closed Lost,No Contact Info,Prospects,Moved from Closed - Contact Info to Prospects per 7/15/2026 call,64
006WR00000wkA8eYAE,Park Crest,Omaha_MDU_Park Crest,2026-07-16,Closed Lost,No Contact Info,Prospects,Moved from Closed - Contact Info to Prospects per 7/15/2026 call,64
006WR00000wj8KeYAI,Peony Village,Omaha_MDU_Peony Village Apartments,2026-07-16,Closed Lost,No Contact Info,Prospects,Moved from Closed - Contact Info to Prospects per 7/15/2026 call,64
006WR00000wj8KsYAI,Pine Tree Apartments,Omaha_MDU_Pine Tree Apartments,2026-07-16,Closed Lost,No Contact Info,Prospects,Moved from Closed - Contact Info to Prospects per 7/15/2026 call,64
006WR00000wj8KIYAY,Prairie Spring Apartments,Omaha_MDU_Prairie Spring Apartments,2026-07-16,Closed Lost,No Contact Info,Prospects,Moved from Closed - Contact Info to Prospects per 7/15/2026 call,64
006WR00000wiNoNYAU,Sorensen Heights,Omaha_MDU_Sorensen Heights,2026-07-16,Closed Lost,No Contact Info,Prospects,Moved from Closed - Contact Info to Prospects per 7/15/2026 call,64
006WR00000wj8KXYAY,Residences at Sorensen Square,Omaha_MDU_Sorensen Square Apartments,2026-07-16,Closed Lost,No Contact Info,Prospects,Moved from Closed - Contact Info to Prospects per 7/15/2026 call,64
006WR00000wkCkeYAE,Swanson Towers Condominiums,Omaha_MDU_Swanson Towers Condominiums,2026-07-16,Closed Lost,No Contact Info,Prospects,Moved from Closed - Contact Info to Prospects per 7/15/2026 call,64
006WR00000wjnlaYAA,The Colonial Apartments Broadmoor,Omaha_MDU_The Colonial,2026-07-16,Closed Lost,No Contact Info,Prospects,Moved from Closed - Contact Info to Prospects per 7/15/2026 call,64
006WR00000wj8KaYAI,The Village at Grant Square,Omaha_MDU_The Village at Grant Square Apartments,2026-07-16,Closed Lost,No Contact Info,Prospects,Moved from Closed - Contact Info to Prospects per 7/15/2026 call,64
006WR00000wkCkrYAE,Town And Country RV Park,OMAHA_MDU_Town And Country RV Park,2026-07-16,Closed Lost,No Contact Info,Prospects,Moved from Closed - Contact Info to Prospects per 7/15/2026 call,64
006WR00000wkCjsYAE,Vaughan Manor Apartments,Omaha_MDU_Vaughan Manor Apartments,2026-07-16,Closed Lost,No Contact Info,Prospects,Moved from Closed - Contact Info to Prospects per 7/15/2026 call,64
006WR00000wkCjDYAU,Villa Vinee Apartments,Omaha_MDU_Villa Vinee Apartments,2026-07-16,Closed Lost,No Contact Info,Prospects,Moved from Closed - Contact Info to Prospects per 7/15/2026 call,64
006WR00000wkA8nYAE,Ville de Sante Terrace Apartments (1),Omaha_MDU_Ville de Sante Terrace Apartments,2026-07-16,Closed Lost,No Contact Info,Prospects,Moved from Closed - Contact Info to Prospects per 7/15/2026 call,64
006WR00000wkCjoYAE,Woodgate Townhomes,Omaha_MDU_Woodgate Townhomes,2026-07-16,Closed Lost,No Contact Info,Prospects,Moved from Closed - Contact Info to Prospects per 7/15/2026 call,64
006WR00000wkA7zYAE,Wyndham Hill,Omaha_MDU_Wyndham Hill & Villas by Broadmoor,2026-07-16,Closed Lost,No Contact Info,Prospects,Moved from Closed - Contact Info to Prospects per 7/15/2026 call,64
006WR00000wiNonYAE,Wyndham Villas - Broadmoor,Omaha_MDU_Wyndham Villas by Broadmoor,2026-07-16,Closed Lost,No Contact Info,Prospects,Moved from Closed - Contact Info to Prospects per 7/15/2026 call,64
006WR00000wkAC0YAM,Bull Run Apts,Taylor_MDU_Bull Run Apts,2026-07-16,Closed Lost,No Contact Info,Prospects,Moved from Closed - Contact Info to Prospects per 7/15/2026 call,64
006WR00000wkC7vYAE,Burnett Place Apartments,Taylor_MDU_Burnett Place Apartments,2026-07-16,Closed Lost,No Contact Info,Prospects,Moved from Closed - Contact Info to Prospects per 7/15/2026 call,64
006WR00000wkCjhYAE,TAYLOR_MDU_DEBUS_APTS AKA Boxwoods at Taylor Condo Community,TAYLOR_MDU_DEBUS_APTS,2026-07-16,Closed Lost,No Contact Info,Prospects,Moved from Closed - Contact Info to Prospects per 7/15/2026 call,64
006WR00000xw3LLYAY,Bridgeport_MDU_Atrium Garden Apartments,Bridgeport_MDU_Atrium Garden Apartments,2026-07-23,Closed Lost,No Contact Info,Prospects,Moved from Closed - Contact Info to Prospects per 7/23/2026 call,64
006WR00000wkCjgYAE,Estates of Bridgeport,Bridgeport_MDU_Bridgeport_Estates,2026-07-23,Closed Lost,No Decision / Non-Responsive,Prospects,Moved from Closed Lost - No Decision / Non-Responsive to Prospects per 7/23/2026 call,85
006WR00000wkClYYAU,Collection Champions Circle,Fort Worth_MDU_Collection Champions Circle,2026-07-23,Closed Lost,No Decision / Non-Responsive,Prospects,Moved from Closed Lost - No Decision / Non-Responsive to Prospects per 7/23/2026 call,85
006WR00000wkDMSYA2,Creekside at North Beach,Fort Worth_MDU_Creekside at North Beach,2026-07-23,Closed Lost,No Decision / Non-Responsive,Prospects,Moved from Closed Lost - No Decision / Non-Responsive to Prospects per 7/23/2026 call,85
006WR00000wkCjOYAU,Northpoint Villas,Fort Worth_MDU_Northpoint Villas,2026-07-23,Closed Lost,No Decision / Non-Responsive,Prospects,Moved from Closed Lost - No Decision / Non-Responsive to Prospects per 7/23/2026 call,85
006WR00000wkClbYAE,Solea Keller,Fort Worth_MDU_Solea Keller,2026-07-23,Closed Lost,No Decision / Non-Responsive,Prospects,Moved from Closed Lost - No Decision / Non-Responsive to Prospects per 7/23/2026 call,85
006WR00000wkDt1YAE,The Harrison at Heritage,Fort Worth_MDU_The Harrison at Heritage,2026-07-23,Closed Lost,No Decision / Non-Responsive,Prospects,Moved from Closed Lost - No Decision / Non-Responsive to Prospects per 7/23/2026 call,85
006WR00000wkDMQYA2,The Opal Fort Worth,Fort Worth_MDU_The Opal Fort Worth,2026-07-23,Closed Lost,No Decision / Non-Responsive,Prospects,Moved from Closed Lost - No Decision / Non-Responsive to Prospects per 7/23/2026 call,85
006WR00000wkCmMYAU,Allora North Georgetown,Georgetown_MDU_Allora North Georgetown,2026-07-23,Closed Lost,No Decision / Non-Responsive,Prospects,Moved from Closed Lost - No Decision / Non-Responsive to Prospects per 7/23/2026 call,85
006WR00000wkDsvYAE,Park_Place (Care Center),Georgetown_MDU_Park_Place,2026-07-23,Closed Lost,No Decision / Non-Responsive,Prospects,Moved from Closed Lost - No Decision / Non-Responsive to Prospects per 7/23/2026 call,85
006WR00000wkDMZYA2,Parkside Crossing Condominiums,Georgetown_MDU_Parkside Crossing Condominiums,2026-07-23,Closed Lost,No Decision / Non-Responsive,Prospects,Moved from Closed Lost - No Decision / Non-Responsive to Prospects per 7/23/2026 call,85
006WR00000wk9Z9YAI,Residences of Stillwater,Georgetown_MDU_Residences In Stillwater,2026-07-23,Closed Lost,No Decision / Non-Responsive,Prospects,Moved from Closed Lost - No Decision / Non-Responsive to Prospects per 7/23/2026 call,85
006WR00000wkDLsYAM,Williamson At The Overlook,Georgetown_MDU_Williamson At The Overlook,2026-07-23,Closed Lost,No Decision / Non-Responsive,Prospects,Moved from Closed Lost - No Decision / Non-Responsive to Prospects per 7/23/2026 call,85
006WR00000wkDtGYAU,HARKER_HEIGHTS_MDU_207-217 W Beeline MHP,HARKER_HEIGHTS_MDU_207-217 W Beeline MHP,2026-07-23,Closed Lost,No Decision / Non-Responsive,Prospects,Moved from Closed Lost - No Decision / Non-Responsive to Prospects per 7/23/2026 call,85
006WR00000xwGtdYAE,HARKER HEIGHTS_MDU_Cedar_Knob_RD MHP,HARKER_HEIGHTS_MDU_Cedar_Knob_RD MHP,2026-07-23,Closed Lost,No Contact Info,Prospects,Moved from Closed - Contact Info to Prospects per 7/23/2026 call,64
006WR00000xwGdVYAU,HARKER HEIGHTS_MDU_JR's_Trailer_Park,HARKER_HEIGHTS_MDU_JR's_Trailer_Park,2026-07-23,Closed Lost,No Contact Info,Prospects,Moved from Closed - Contact Info to Prospects per 7/23/2026 call,64
006WR00000wkDtHYAU,Landmark Oak_Mobile_Park,HARKER_HEIGHTS_MDU_Landmark Oak_Mobile_Park,2026-07-23,Closed Lost,No Decision / Non-Responsive,Prospects,Moved from Closed Lost - No Decision / Non-Responsive to Prospects per 7/23/2026 call,85
006WR00000xwAl0YAE,Harker Heights_MDU_Mockingbird Ln,Harker_Heights_MDU_Mockingbird Ln,2026-07-23,Closed Lost,No Contact Info,Prospects,Moved from Closed - Contact Info to Prospects per 7/23/2026 call,64
006WR00000wkABwYAM,Pleasant View MHP,HARKER_HEIGHTS_MDU_Phesant View MHP,2026-07-23,Closed Lost,No Decision / Non-Responsive,Prospects,Moved from Closed Lost - No Decision / Non-Responsive to Prospects per 7/23/2026 call,85
006WR00000wkABrYAM,Star Estates MHP,HARKER_HEIGHTS_MDU_Star_Estates_Mobile_Park,2026-07-23,Closed Lost,No Decision / Non-Responsive,Prospects,Moved from Closed Lost - No Decision / Non-Responsive to Prospects per 7/23/2026 call,85
006WR00000xwGaHYAU,Harker Heights_MDU_Village Apts,Harker_Heights_MDU_Village Apts,2026-07-23,Closed Lost,No Contact Info,Prospects,Moved from Closed - Contact Info to Prospects per 7/23/2026 call,64
006WR00000wkCjiYAE,Sandstone Dr Townhomes,JARRELL_MDU_SANDSTONE DR Townhomes,2026-07-23,Closed Lost,No Decision / Non-Responsive,Prospects,Moved from Closed Lost - No Decision / Non-Responsive to Prospects per 7/23/2026 call,85
006WR00000wkDtKYAU,Valley View RV Park,JARRELL_MDU_Valley View RV Park,2026-07-23,Closed Lost,No Decision / Non-Responsive,Prospects,Moved from Closed Lost - No Decision / Non-Responsive to Prospects per 7/23/2026 call,85
006WR00000wjKFsYAM,Evergreen At Keller,Keller_MDU_Evergreen At Keller,2026-07-23,Closed Lost,No Decision / Non-Responsive,Prospects,Moved from Closed Lost - No Decision / Non-Responsive to Prospects per 7/23/2026 call,85
006WR00000xw4XZYAY,Killeen_MDU_1103-1109 Harbour Ave,Killeen_MDU_1103-1109 Harbour Ave,2026-07-23,Closed Lost,No Contact Info,Prospects,Moved from Closed - Contact Info to Prospects per 7/23/2026 call,64
006WR00000xw1oAYAQ,KILLEEN_MDU_601_SE_13th_AVE_Mobile_Park,KILLEEN_MDU_601_SE_13th_AVE_Mobile_Park,2026-07-23,Closed Lost,No Contact Info,Prospects,Moved from Closed - Contact Info to Prospects per 7/23/2026 call,64
006WR00000wkDM2YAM,The Forum Apartments FKA Archstone Apartments,Killeen_MDU_Archstone Apartments,2026-07-23,Closed Lost,No Decision / Non-Responsive,Prospects,Moved from Closed Lost - No Decision / Non-Responsive to Prospects per 7/23/2026 call,85
006WR00000wkABxYAM,Liberty Landing AKA Century Park Apartments,Killeen_MDU_Century Park Apartments,2026-07-23,Closed Lost,No Decision / Non-Responsive,Prospects,Moved from Closed Lost - No Decision / Non-Responsive to Prospects per 7/23/2026 call,85
006WR00000wkA9DYAU,College Park Apartments,Killeen_MDU_College Park Apartment,2026-07-23,Closed Lost,No Decision / Non-Responsive,Prospects,Moved from Closed Lost - No Decision / Non-Responsive to Prospects per 7/23/2026 call,85
006WR00000wkClpYAE,Copper Mountain,Killeen_MDU_Copper Mountain,2026-07-23,Closed Lost,Lost to Competitor,Prospects,Moved from Closed Lost - Lost to Competitor to Prospects per 7/23/2026 call,75
006WR00000wkDt8YAE,Dimple St MHP,KILLEEN_MDU_DIMPLE ST MHP,2026-07-23,Closed Lost,No Decision / Non-Responsive,Prospects,Moved from Closed Lost - No Decision / Non-Responsive to Prospects per 7/23/2026 call,85
006WR00000wkDsxYAE,Highlander Apartments,Killeen_MDU_Highlander Apartments,2026-07-23,Closed Lost,No Decision / Non-Responsive,Prospects,Moved from Closed Lost - No Decision / Non-Responsive to Prospects per 7/23/2026 call,85
006WR00000wk9Z7YAI,Hillcrest Apartments,Killeen_MDU_Hillcrest Apts,2026-07-23,Closed Lost,No Decision / Non-Responsive,Prospects,Moved from Closed Lost - No Decision / Non-Responsive to Prospects per 7/23/2026 call,85
006WR00000wkCldYAE,Keystone Apartments,Killeen_MDU_Keystone Apartments,2026-07-23,Closed Lost,No Decision / Non-Responsive,Prospects,Moved from Closed Lost - No Decision / Non-Responsive to Prospects per 7/23/2026 call,85
006WR00000wkDtLYAU,Killeen Housing Authority,Killeen_MDU_Killeen Housing Authority,2026-07-23,Closed Lost,No Decision / Non-Responsive,Prospects,Moved from Closed Lost - No Decision / Non-Responsive to Prospects per 7/23/2026 call,85
006WR00000wkDtFYAU,Kings Arms Apartment II,Killeen_MDU_Kings Arms Apartment II,2026-07-23,Closed Lost,No Decision / Non-Responsive,Prospects,Moved from Closed Lost - No Decision / Non-Responsive to Prospects per 7/23/2026 call,85
006WR00000wkCkWYAU,Liberty Landing Apartments,KILLEEN_MDU_Liberty_Landing,2026-07-23,Closed Lost,No Decision / Non-Responsive,Prospects,Moved from Closed Lost - No Decision / Non-Responsive to Prospects per 7/23/2026 call,85
006WR00000wkABzYAM,KILLEEN_MDU_Lowrance HOA,KiLLEEN_MDU_Lowrance HOA,2026-07-23,Closed Lost,No Decision / Non-Responsive,Prospects,Moved from Closed Lost - No Decision / Non-Responsive to Prospects per 7/23/2026 call,85
006WR00000wkDM8YAM,Stone Creek Apartments,Killeen_MDU_Sone Creek Apartments,2026-07-23,Closed Lost,No Decision / Non-Responsive,Prospects,Moved from Closed Lost - No Decision / Non-Responsive to Prospects per 7/23/2026 call,85
006WR00000wk9StYAI,Summer Park _ FF Freddy,Killeen_MDU_Summer Park,2026-07-23,On Hold,,Prospects,Moved from On Hold to Prospects per 7/23/2026 call,50
006WR00000wkDMVYA2,The Dorel,Killeen_MDU_The Doral,2026-07-23,Closed Lost,No Decision / Non-Responsive,Prospects,Moved from Closed Lost - No Decision / Non-Responsive to Prospects per 7/23/2026 call,85
006WR00000wkClGYAU,The Grove at Killeen,Killeen_MDU_The Grove,2026-07-23,On Hold,,Prospects,Moved from On Hold to Prospects per 7/23/2026 call,50
006WR00000wkA92YAE,The Springs at 1100,Killeen_MDU_The Springs at 1100,2026-07-23,Closed Lost,No Decision / Non-Responsive,Prospects,Moved from Closed Lost - No Decision / Non-Responsive to Prospects per 7/23/2026 call,85
006WR00000wjKGNYA2,Western Oaks Apartments,Killeen_MDU_Western Oaks Apartments,2026-07-23,Closed Lost,No Decision / Non-Responsive,Prospects,Moved from Closed Lost - No Decision / Non-Responsive to Prospects per 7/23/2026 call,85
006WR00000xwBIsYAM,Mineral Wells_MDU_707 NW 4TH AVE,Mineral Wells_MDU_707 NW 4th Ave,2026-07-23,Closed Lost,Other,Prospects,Moved from Closed Lost - Other to Prospects per 7/23/2026 call,62
006WR00000wkABqYAM,The Dalton Apartments,Mineral Wells_MDU_The Dalton Apartments,2026-07-23,Closed Lost,No Decision / Non-Responsive,Prospects,Moved from Closed Lost - No Decision / Non-Responsive to Prospects per 7/23/2026 call,85
006WR00000wkC70YAE,Mac's Mobile Home Park/ Twin Oaks II,NOLANVILLE_MDU_Twin_Oaks_II_Park,2026-07-23,Closed Lost,No Decision / Non-Responsive,Prospects,Moved from Closed Lost - No Decision / Non-Responsive to Prospects per 7/23/2026 call,85
006WR00000xwEzuYAE,Omaha_MDU_5314-5322 Corby St,Omaha_MDU_5314-5322 Corby St,2026-07-23,Closed Lost,Other,Prospects,Moved from Closed Lost - Other to Prospects per 7/23/2026 call,62
006WR000011bsupYAA,Benson Apartments,Omaha_MDU_Benson Apartments,2026-07-23,Prospecting,,Prospects,Moved from Prospecting to Prospects per 7/23/2026 call,54
006WR00000wkA8fYAE,Bernard Richard Apartments,Omaha_MDU_Bernard Richard Apartments,2026-07-23,Closed Lost,No Decision / Non-Responsive,Prospects,Moved from Closed Lost - No Decision / Non-Responsive to Prospects per 7/23/2026 call,85
006WR00000wkDswYAE,Crown Tower,Omaha_MDU_Crown Tower Apartment Complex,2026-07-23,Closed Lost,Other,Prospects,Moved from Closed Lost - Other to Prospects per 7/23/2026 call,62
006WR00000wkA8IYAU,Keystone Park Apartments,Omaha_MDU_Keystone Park Apts,2026-07-23,Closed Lost,No Decision / Non-Responsive,Prospects,Moved from Closed Lost - No Decision / Non-Responsive to Prospects per 7/23/2026 call,85
006WR00000wj8KHYAY,Kings Gate Senior Apartments,Omaha_MDU_Kings Gate Apartments,2026-07-23,Closed Lost,No Decision / Non-Responsive,Prospects,Moved from Closed Lost - No Decision / Non-Responsive to Prospects per 7/23/2026 call,85
006WR00000xwGFJYA2,Omaha_MDU_Park Lane Apartments,Omaha_MDU_Park Lane Apartments,2026-07-23,Closed Lost,Other,Prospects,Moved from Closed Lost - Other to Prospects per 7/23/2026 call,62
006WR00000xwFUXYA2,OMAHA_MDU_Redman AVE APTS,OMAHA_MDU_Redman AVE APTS,2026-07-23,Closed Lost,Other,Prospects,Moved from Closed Lost - Other to Prospects per 7/23/2026 call,62
006WR00000wj8KQYAY,Arboretum Village,Omaha_MDU_Arboretum Village,2026-07-23,Closed Lost,No Decision / Non-Responsive,Prospects,Moved from Closed Lost - No Decision / Non-Responsive to Prospects per 7/23/2026 call,85
006WR00000wkA91YAE,Bloomfield Forum,Omaha_MDU_Bloomfield,2026-07-23,Closed Lost,No Decision / Non-Responsive,Prospects,Moved from Closed Lost - No Decision / Non-Responsive to Prospects per 7/23/2026 call,85
006WR00000wkBTiYAM,Clove Apartments,Omaha_MDU_Clove Apartments,2026-07-23,Closed Lost,No Decision / Non-Responsive,Prospects,Moved from Closed Lost - No Decision / Non-Responsive to Prospects per 7/23/2026 call,85
006WR00000wkDsJYAU,Courtyard 72,Omaha_MDU_Courtyard 72,2026-07-23,Closed Lost,Lost to Competitor,Prospects,Moved from Closed Lost - Lost to Competitor to Prospects per 7/23/2026 call,75
006WR00000wj8KTYAY,Embassy Park Apartments,Omaha_MDU_Embassy Park Apartments,2026-07-23,Closed Lost,No Decision / Non-Responsive,Prospects,Moved from Closed Lost - No Decision / Non-Responsive to Prospects per 7/23/2026 call,85
006WR00000wkDMTYA2,Martinique Apartments,Omaha_MDU_Martinique and Normandy,2026-07-23,Closed Lost,No Decision / Non-Responsive,Prospects,Moved from Closed Lost - No Decision / Non-Responsive to Prospects per 7/23/2026 call,85
006WR00000wkCkfYAE,Summit & Bloomfield Townhomes,Omaha_MDU_Summit & Bloomfield Townhomes,2026-07-23,Closed Lost,No Decision / Non-Responsive,Prospects,Moved from Closed Lost - No Decision / Non-Responsive to Prospects per 7/23/2026 call,85
006WR00000wkCjjYAE,Irvington Heights,Omaha_MDU_Irvington Heights,2026-07-23,Closed Lost,No Contact Info,Prospects,Moved from Closed - Contact Info to Prospects per 7/23/2026 call,64
006WR00000wkBTqYAM,Woodbridge Senior Living [Connect55+],Omaha_MDU_Woodbridge Senior Living,2026-07-23,Closed Lost,No Budget / Lost Funding,Prospects,Moved from Closed Lost - No Budget / Lost Funding to Prospects per 7/23/2026 call,81
006WR00000xvzZSYAY,Omaha_MDU_Kelli-Gene Apts,Omaha_MDU_Kelli-Gene Apts,2026-07-23,Closed Lost,Other,Prospects,Moved from Closed Lost - Other to Prospects per 7/23/2026 call,62
006WR00000xvcMkYAI,Omaha_MDU_1015 N 47TH AVE,Omaha_MDU_1015 N 47TH AVE,2026-07-23,Closed Lost,Other,Prospects,Moved from Closed Lost - Other to Prospects per 7/23/2026 call,62
006WR00000xwEwfYAE,OMAHA_MDU_1410 N 45th St_APTS,OMAHA_MDU_1410 N 45th St_APTS,2026-07-23,Closed Lost,Other,Prospects,Moved from Closed Lost - Other to Prospects per 7/23/2026 call,62
006WR00000xwFW9YAM,Omaha_MDU_4505 Lafayette Ave Halford Apartments,Omaha_MDU_4505 Lafayette Ave Halford Apartments,2026-07-23,Closed Lost,Other,Prospects,Moved from Closed Lost - Other to Prospects per 7/23/2026 call,62
006WR00000xwFZNYA2,Omaha_MDU_4513 Lafayette Ave,Omaha_MDU_4513 Lafayette Ave,2026-07-23,Closed Lost,Other,Prospects,Moved from Closed Lost - Other to Prospects per 7/23/2026 call,62
006WR00000xwFazYAE,Omaha_MDU_4524 Lafayette Ave,Omaha_MDU_4524 Lafayette Ave,2026-07-23,Closed Lost,No Decision / Non-Responsive,Prospects,Moved from Closed Lost - No Decision / Non-Responsive to Prospects per 7/23/2026 call,85
006WR00000xw49MYAQ,Omaha_MDU_4544 NICHOLAS ST,Omaha_MDU_4544 NICHOLAS ST,2026-07-23,Closed Lost,Other,Prospects,Moved from Closed Lost - Other to Prospects per 7/23/2026 call,62
006WR00000xwFj3YAE,Omaha_MDU_4705 Burdette St,Omaha_MDU_4705 Burdette St,2026-07-23,Closed Lost,Other,Prospects,Moved from Closed Lost - Other to Prospects per 7/23/2026 call,62
006WR00000xuPxsYAE,Omaha_MDU_4723-4725-4727 Cass St,Omaha_MDU_4723-4725-4727 Cass St,2026-07-23,Closed Lost,Other,Prospects,Moved from Closed Lost - Other to Prospects per 7/23/2026 call,62
006WR00000xvdKRYAY,Omaha_MDU_4804-4806 Capital Ave,Omaha_MDU_4804-4806 Capital Ave,2026-07-23,Closed Lost,Other,Prospects,Moved from Closed Lost - Other to Prospects per 7/23/2026 call,62
006WR00000xwG0nYAE,Omaha_MDU_4904 Davenport St,Omaha_MDU_4904 Davenport St,2026-07-23,Closed Lost,Other,Prospects,Moved from Closed Lost - Other to Prospects per 7/23/2026 call,62
006WR00000xwChyYAE,Omaha_MDU_4907 Davenport St,Omaha_MDU_4907 Davenport St,2026-07-23,Closed Lost,Other,Prospects,Moved from Closed Lost - Other to Prospects per 7/23/2026 call,62
006WR00000xufUnYAI,Omaha_MDU_4923-4925 Webster St,Omaha_MDU_4923-4925 Webster St,2026-07-23,Closed Lost,Other,Prospects,Moved from Closed Lost - Other to Prospects per 7/23/2026 call,62
006WR00000xwG8rYAE,Omaha_MDU_5005-5007 California St,Omaha_MDU_5005-5007 California St,2026-07-23,Closed Lost,Other,Prospects,Moved from Closed Lost - Other to Prospects per 7/23/2026 call,62
006WR00000xwGDhYAM,Omaha_MDU_5102 Capital Ave,Omaha_MDU_5102 Capital Ave,2026-07-23,Closed Lost,Other,Prospects,Moved from Closed Lost - Other to Prospects per 7/23/2026 call,62
006WR00000xviQYYAY,Omaha_MDU_618-636 N 46th St,Omaha_MDU_618-636 N 46th St,2026-07-23,Closed Lost,Other,Prospects,Moved from Closed Lost - Other to Prospects per 7/23/2026 call,62
006WR00000xwGOzYAM,Omaha_MDU_706 N 50th St,Omaha_MDU_706 N 50th St,2026-07-23,Closed Lost,Other,Prospects,Moved from Closed Lost - Other to Prospects per 7/23/2026 call,62
006WR00000xv9KmYAI,Omaha_MDU_Century House Apartments,Omaha_MDU_Century House Apartments,2026-07-23,Closed Lost,Other,Prospects,Moved from Closed Lost - Other to Prospects per 7/23/2026 call,62
006WR00000xw8eMYAQ,Omaha_MDU_Cherry Hill Apts,Omaha_MDU_Cherry Hill Apts,2026-07-23,Closed Lost,Other,Prospects,Moved from Closed Lost - Other to Prospects per 7/23/2026 call,62
006WR00000xwFntYAE,Omaha_MDU_Parkgate Apartments,Omaha_MDU_Parkgate Apartments,2026-07-23,Closed Lost,Other,Prospects,Moved from Closed Lost - Other to Prospects per 7/23/2026 call,62
006WR00000xvXYPYA2,Omaha_MDU_Sweet Briar,Omaha_MDU_Sweet Briar,2026-07-23,Closed Lost,Other,Prospects,Moved from Closed Lost - Other to Prospects per 7/23/2026 call,62
006WR00000wkA8qYAE,Aspen Condos,Omaha_MDU_Aspen Condos,2026-07-23,Closed Lost,No Decision / Non-Responsive,Prospects,Moved from Closed Lost - No Decision / Non-Responsive to Prospects per 7/23/2026 call,85
006WR00000wkA8aYAE,Beau Manor Townhomes,Omaha_MDU_Beau Manor Townhomes,2026-07-23,Closed Lost,No Decision / Non-Responsive,Prospects,Moved from Closed Lost - No Decision / Non-Responsive to Prospects per 7/23/2026 call,85
006WR00000wkA8VYAU,Copperstone Apartments,Omaha_MDU_Copperstone Apartments,2026-07-23,Closed Lost,No Decision / Non-Responsive,Prospects,Moved from Closed Lost - No Decision / Non-Responsive to Prospects per 7/23/2026 call,85
006WR00000wkCkqYAE,Lamplighter Apartments,Omaha_MDU_Lamplighter Apartments,2026-07-23,Closed Lost,No Decision / Non-Responsive,Prospects,Moved from Closed Lost - No Decision / Non-Responsive to Prospects per 7/23/2026 call,85
006WR00000wkA8uYAE,Lepuy Apartments,Omaha_MDU_Lepuy Apartments,2026-07-23,Closed Lost,No Decision / Non-Responsive,Prospects,Moved from Closed Lost - No Decision / Non-Responsive to Prospects per 7/23/2026 call,85
006WR00000wjnlWYAQ,MAA Watermark,Roanoke_MDU_MAA Watermark,2026-07-23,Closed Lost,No Decision / Non-Responsive,Prospects,Moved from Closed Lost - No Decision / Non-Responsive to Prospects per 7/23/2026 call,85
006WR00000xuM3zYAE,Taylor_MDU_Dahlberg,Taylor_MDU_Dahlberg,2026-07-23,Closed Lost,No Contact Info,Prospects,Moved from Closed - Contact Info to Prospects per 7/23/2026 call,64
006WR00000xw8peYAA,Taylor_MDU_Sunny Lane Apartments,Taylor_MDU_Sunny Lane Apartments,2026-07-23,Closed Lost,No Contact Info,Prospects,Moved from Closed - Contact Info to Prospects per 7/23/2026 call,64
006WR00000wkDt9YAE,Indian Creek Duplexes,Trophy Club_MDU_Indian Creek Duplexes,2026-07-23,Closed Lost,No Decision / Non-Responsive,Prospects,Moved from Closed Lost - No Decision / Non-Responsive to Prospects per 7/23/2026 call,85
006WR00000wkA7SYAU,Vineyards at Trophy Club,Trophy Club_MDU_Vineyards at Trophy Club,2026-07-23,Closed Lost,No Decision / Non-Responsive,Prospects,Moved from Closed Lost - No Decision / Non-Responsive to Prospects per 7/23/2026 call,85
