timestamp,opp_id,opp_name,opp_stage,st_id_used,st_name_used,st_count_for_opp,action,result
2026-05-26T09:59:38,006WR00000wkEc8YAE,Bristol Square Apartments,PAL/ROE Complete,a2XVT000002iWRF2A2,P-006738,1,stamped,ok
2026-05-26T09:59:38,006WR00000xwGIXYA2,Omaha_MDU_6303 Taylor Cir,PAL/ROE Complete,a2XVT000000PmSu2AK,P-005791,1,stamped,ok
2026-05-26T09:59:38,006WR00000wk1ETYAY,Centennial Patio Home Apartments,Marketing/Bulk Complete,a2XVT0000006dhp2AA,P-004887,1,stamped,ok
2026-05-26T09:59:38,006WR00000wk1EPYAY,Big Sky Patio Home Apartments,Marketing/Bulk Complete,a2XVT0000006doH2AQ,P-004889,1,stamped,ok
2026-05-26T09:59:38,006WR00000xvxiwYAA,Omaha_MDU_4502 N 49th St,PAL/ROE Complete,a2XVT000000Ahzl2AC,P-005408,1,stamped,ok
2026-05-26T09:59:38,006WR00000wkEbYYAU,Trailpoint by Trion Living / Trailpoint on Highline,Marketing/Bulk Complete,a2XVT000000TIUb2AO,P-005802,1,stamped,ok
2026-05-26T09:59:38,006WR00000wkEcjYAE,Lakeside Apartment Homes,Marketing/Bulk Complete,a2XVT0000004wdJ2AQ,P-004627,1,stamped,ok
2026-05-26T09:59:38,006WR00000xv6y2YAA,Killeen_MDU_209 E Dean Ave,PAL/ROE Complete,a2XVT000002zAu92AE,P-006777,1,stamped,ok
2026-05-26T09:59:38,006WR00000xw7SBYAY,Omaha_MDU_4005 Hartman Circle,PAL/ROE Complete,a2XVT000000gHKb2AM,P-006010,1,stamped,ok
2026-05-26T09:59:38,006WR00000wkEcaYAE,Wheatbaker Patio Home Apartments,Marketing/Bulk Complete,a2XVT00000006Gj2AI,P-003398,1,stamped,ok
2026-05-26T09:59:38,006WR00000wkEceYAE,Pheasant Run Apartments,Marketing/Bulk Complete,a2XVT0000003k7x2AA,P-004260,5,stamped,ok
2026-05-26T09:59:38,006WR00000xwHCzYAM,Killeen_MDU_601 Harbour Ave,PAL/ROE Complete,a2XVT000002zAMH2A2,P-006775,1,stamped,ok
2026-05-26T09:59:38,006WR00000wkEcHYAU,Avalon Wolf Ranch (f/k/a Retreat at Wolf Ranch),Marketing/Bulk Complete,a2X4x000002oAl1EAE,P-000889,1,stamped,ok
2026-05-26T09:59:38,006WR00000wkEcOYAU,Avalon at Castle Hills (f/k/a Lakeway Castle Hills),Marketing/Bulk Complete,a2X4x000002oCucEAE,P-001059,1,stamped,ok
2026-05-26T09:59:38,006WR00000wkEcNYAU,Eaves by Avalon (f/k/a Wimberly Apartments),Marketing/Bulk Complete,a2X4x000003CpmlEAC,P-002526,1,stamped,ok
2026-05-26T09:59:38,006WR00000wkDu2YAE,Palmero by the Park (f/k/a Overlook by the Park),PAL/ROE Complete,a2X4x000003CrnWEAS,P-002754,1,stamped,ok
2026-05-26T09:59:38,006WR00000wkEcWYAU,Twin Palms Condominiums,Marketing/Bulk Complete,a2X4x000002ivesEAA,P-003210,1,stamped,ok
2026-05-26T09:59:38,006WR00000wkEclYAE,Lucille on Roosevelt,Marketing/Bulk Complete,a2X4x000002iw61EAA,P-003272,1,stamped,ok
2026-05-26T09:59:38,006WR00000wkEbMYAU,Gloria Homes,PAL/ROE Complete,a2XVT00000000cj2AA,P-003282,1,stamped,ok
2026-05-26T09:59:38,006WR00000xuzq7YAA,Omaha_MDU_4803 Boyd St Apartments,PAL/ROE Complete,a2XVT000000REjd2AG,P-005801,1,stamped,ok
2026-05-26T09:59:38,006WR00000xvYz4YAE,Omaha_MDU_Caroline,PAL/ROE Complete,a2XVT0000035dOn2AI,P-006806,1,stamped,ok
2026-05-26T09:59:38,006WR00000xvBUcYAM,Omaha_MDU_4023 HAMILTON ST,PAL/ROE Complete,a2XVT000002l5kf2AA,P-006741,1,stamped,ok
2026-05-26T09:59:38,006WR00000wk1EEYAY,Henderson Terrace Apartments,Marketing/Bulk Complete,a2XVT00000008X32AI,P-003501,2,stamped,ok
2026-05-26T09:59:38,006WR00000wk1EYYAY,Cielo Apartments,Marketing/Bulk Complete,a2XVT00000014sn2AA,P-003943,1,stamped,ok
2026-05-26T09:59:38,006WR00000wkEcgYAE,Northampton Arms Apartments,Marketing/Bulk Complete,a2XVT0000001N7R2AU,P-003989,2,stamped,ok
2026-05-26T09:59:38,006WR00000wkDu7YAE,San Montego Luxury Apartments,PAL/ROE Complete,a2XVT0000001mVd2AI,P-004136,1,stamped,ok
2026-05-26T09:59:38,006WR00000wkEcbYAE,Alexandra Apartments,Marketing/Bulk Complete,a2XVT0000001rzx2AA,P-004153,3,stamped,ok
2026-05-26T09:59:38,006WR00000wkEcnYAE,Paloma Gardens Apartments,Marketing/Bulk Complete,a2XVT0000003zRx2AI,P-004314,1,stamped,ok
2026-05-26T09:59:38,006WR00000wkDttYAE,Legend of Fort Worth: Senior Living_OneSource project,On Hold,a2XVT0000004HyL2AU,P-004481,1,stamped,ok
2026-05-26T09:59:38,006WR00000wkEchYAE,Watervue Apartments,Marketing/Bulk Complete,a2XVT0000004I6P2AU,P-004485,1,stamped,ok
2026-05-26T09:59:38,006WR00000wkEciYAE,Discovery Village at Alliance Town Center,Marketing/Bulk Complete,a2XVT0000004ICr2AM,P-004487,1,stamped,ok
2026-05-26T09:59:38,006WR00000wk1ENYAY,Valencia Apartments,Marketing/Bulk Complete,a2XVT0000006dWX2AY,P-004886,1,stamped,ok
2026-05-26T09:59:38,006WR00000wk1EQYAY,Hitt Road Patio Home Apartments,Marketing/Bulk Complete,a2XVT0000006djR2AQ,P-004888,1,stamped,ok
2026-05-26T09:59:38,006WR00000wk1EOYAY,Midwest Patio Home Apartments,Marketing/Bulk Complete,a2XVT0000006dpt2AA,P-004890,1,stamped,ok
2026-05-26T09:59:38,006WR00000wkEcoYAE,Mallard Run Apartments,Marketing/Bulk Complete,a2XVT0000008kwv2AA,P-005179,1,stamped,ok
2026-05-26T09:59:38,006WR00000y3jsTYAQ,Encinitas_MDU_Saxonay at Encinitas Ranch,PAL/ROE Complete,a2XVT0000008lrN2AQ,P-005180,1,stamped,ok
2026-05-26T09:59:38,006WR00000xvyiEYAQ,Omaha_MDU_5240 Ames Ave,PAL/ROE Complete,a2XVT0000009Wv72AE,P-005192,1,stamped,ok
2026-05-26T09:59:38,006WR00000y2k2dYAA,Omaha_MDU_3344-3348 Larimore Ave,PAL/ROE Complete,a2XVT000000AhoT2AS,P-005407,1,stamped,ok
2026-05-26T09:59:38,006WR00000wk1EGYAY,Monaghan Apartments,Marketing/Bulk Complete,a2XVT000000AnPF2A0,P-005411,1,stamped,ok
2026-05-26T09:59:38,006WR00000xuz6uYAA,Omaha_MDU_Warwick Apts,Closed Lost,a2XVT000000DBP32AO,P-005497,1,stamped,ok
2026-05-26T09:59:38,006WR00000xvFDHYA2,Omaha_MDU_The Richards Apartments,PAL/ROE Complete,a2XVT000000DBfB2AW,P-005498,1,stamped,ok
2026-05-26T09:59:38,006WR00000wk1EgYAI,Sun Valley Ranch Apartments,Marketing/Bulk Complete,a2XVT000000DwuD2AS,P-005524,1,stamped,ok
2026-05-26T09:59:38,006WR00000wk1EdYAI,Cougar Creek Apartments,Marketing/Bulk Complete,a2XVT000000EAcD2AW,P-005532,1,stamped,ok
2026-05-26T09:59:38,006WR00000wk1EMYAY,Hunters Pointe (Mesa),Marketing/Bulk Complete,a2XVT000000Emft2AC,P-005538,1,stamped,ok
2026-05-26T09:59:38,006WR00000xwGSDYA2,Omaha_MDU_St Frances Apartments,PAL/ROE Complete,a2XVT000000Erqr2AC,P-005540,1,stamped,ok
2026-05-26T09:59:38,006WR00000wk1EaYAI,Southgate Apartments,Marketing/Bulk Complete,a2XVT000000GSJh2AO,P-005581,1,stamped,ok
2026-05-26T09:59:38,006WR00000wk1EnYAI,Hallcraft Villas Mesa 1,Marketing/Bulk Complete,a2XVT000000IIBN2A4,P-005610,1,stamped,ok
2026-05-26T09:59:38,006WR00000xuCFqYAM,Omaha_MDU_The Redman Townhomes & Apartments,PAL/ROE Complete,a2XVT000000JI7h2AG,P-005702,1,stamped,ok
2026-05-26T09:59:38,006WR00000xtaP4YAI,Omaha_MDU_4822-4826 Sahler St Apartments,PAL/ROE Complete,a2XVT000000KfdJ2AS,P-005736,1,stamped,ok
2026-05-26T09:59:38,006WR00000xvkCFYAY,Omaha_MDU_Brewer Apartments,PAL/ROE Complete,a2XVT000000KgRJ2A0,P-005737,1,stamped,ok
2026-05-26T09:59:38,006WR00000xvsXyYAI,Omaha_MDU_4318-4324 N 48th St Apartments,PAL/ROE Complete,a2XVT000000Kh2P2AS,P-005738,1,stamped,ok
2026-05-26T09:59:38,006WR00000y3k29YAA,Omaha_MDU_9208 Ohio St,PAL/ROE Complete,a2XVT000000PX5d2AG,P-005787,1,stamped,ok
2026-05-26T09:59:38,006WR00000xwFPhYAM,Omaha_MDU_4313 N 65th St,PAL/ROE Complete,a2XVT000000PZYr2AO,P-005788,1,stamped,ok
2026-05-26T09:59:38,006WR00000xwFzBYAU,Omaha_MDU_Taylor Apartments,PAL/ROE Complete,a2XVT000000Pnjt2AC,P-005789,1,stamped,ok
2026-05-26T09:59:38,006WR00000xvbCAYAY,Omaha_MDU_4907 Ames Ave Apartments,PAL/ROE Complete,a2XVT000000PoJN2A0,P-005792,1,stamped,ok
2026-05-26T09:59:38,006WR00000xvE98YAE,Omaha_MDU_6302 Boyd St,PAL/ROE Complete,a2XVT000000PoXt2AK,P-005793,1,stamped,ok
2026-05-26T09:59:38,006WR00000wk1EkYAI,Cielo on 5th (f/k/a Equinox on 5th),Marketing/Bulk Complete,a2XVT000000e7Vp2AI,P-006003,1,stamped,ok
2026-05-26T09:59:38,006WR00000y3NdSYAU,Omaha_MDU_Benson Crest Apartments 2,PAL/ROE Complete,a2XVT000000eNFd2AM,P-006006,1,stamped,ok
2026-05-26T09:59:38,006WR00000xvEU6YAM,Omaha_MDU_6406 Boyd St,PAL/ROE Complete,a2XVT000000fQo92AE,P-006007,1,stamped,ok
2026-05-26T09:59:38,006WR00000xwGK9YAM,Omaha_MDU_6414 Boyd St,PAL/ROE Complete,a2XVT000000gFIo2AM,P-006011,1,stamped,ok
2026-05-26T09:59:38,006WR00000y3J0LYAU,Omaha_MDU_5004 Davenport St,PAL/ROE Complete,a2XVT000000pYqr2AE,P-006131,1,stamped,ok
2026-05-26T09:59:38,006WR00000xwFRJYA2,Omaha_MDU_Benson Crest Apartments 1,PAL/ROE Complete,a2XVT000000qH9d2AE,P-006134,1,stamped,ok
2026-05-26T09:59:38,006WR00000wkEaOYAU,Regents Park Apartments,PAL/ROE Complete,a2XVT000000qRlh2AE,P-006138,1,stamped,ok
2026-05-26T09:59:38,006WR00000wkEcXYAU,Lakewood Manufactured Home Community,PAL/ROE Complete,a2XVT0000010Ih72AE,P-006194,1,stamped,ok
2026-05-26T09:59:38,006WR00000wkEc9YAE,Heatherwilde Park AKA Cove at Heatherwilde,PAL/ROE Complete,a2XVT0000014h932AA,P-006258,1,stamped,ok
2026-05-26T09:59:38,006WR00000wkEZeYAM,Heritage Park,PAL/ROE Complete,a2XVT0000018gG12AI,P-006300,1,stamped,ok
2026-05-26T09:59:38,006WR00000xwG7FYAU,Omaha_MDU_Ellington Apartments,PAL/ROE Complete,a2XVT000002Uxj32AC,P-006712,1,stamped,ok
2026-05-26T09:59:38,006WR00000xwEztYAE,Omaha_MDU_Benson Gardens,PAL/ROE Complete,a2XVT000001BDpN2AW,P-006322,1,stamped,ok
2026-05-26T09:59:38,006WR00000wkEb8YAE,The Bungalows on the Lake at Prairie Queen,PAL/ROE Complete,a2XVT000001D79Z2AS,P-006338,1,stamped,ok
2026-05-26T09:59:38,006WR00000xwHRVYA2,Killeen_MDU_East Gate Apartments,PAL/ROE Complete,a2XVT000003EBt72AG,P-006812,1,stamped,ok
2026-05-26T09:59:38,006WR00000y2FzkYAE,Omaha_MDU_4760 LAFAYETTE AVE,PAL/ROE Complete,a2XVT00000240hp2AA,P-006494,2,stamped,ok
2026-05-26T09:59:38,006WR00000wkDtMYAU,Fort_Hood MHP,Prospects,a2XVT000003EEe52AG,P-006814,1,stamped,ok
2026-05-26T09:59:38,006WR00000wkEb1YAE,Horizon Heights,PAL/ROE Complete,a2XVT000002CfCj2AK,P-006620,1,stamped,ok
2026-05-26T09:59:38,006WR00000xvjmRYAQ,Omaha_MDU_The Frederick,PAL/ROE Complete,a2XVT000002OkVB2A0,P-006668,1,stamped,ok
2026-05-26T09:59:38,006WR00000xwFCnYAM,Omaha_MDU_4015 HAMILTON ST,PAL/ROE Complete,a2XVT000002l5Kr2AI,P-006739,1,stamped,ok
2026-05-26T09:59:38,006WR00000xvSKBYA2,Omaha_MDU_2313 N 72nd St apts,PAL/ROE Complete,a2XVT000002n2XN2AY,P-006745,1,stamped,ok
2026-05-26T09:59:38,006WR00000xvZ3uYAE,Omaha_MDU_The Rose Apartments,PAL/ROE Complete,a2XVT000002qRXd2AM,P-006750,1,stamped,ok
2026-05-26T09:59:38,006WR00000xw0VXYAY,Omaha_MDU_4822-4824 Cass St,PAL/ROE Complete,a2XVT000002rpjB2AQ,P-006752,1,stamped,ok
2026-05-26T09:59:38,006WR00000xvKb9YAE,Killeen_MDU_Villa Del North,PAL/ROE Complete,a2XVT000002u1bN2AQ,P-006754,1,stamped,ok
2026-05-26T09:59:38,006WR00000xvW9GYAU,Taylor_MDU_Vance Apartments,PAL/ROE Complete,a2XVT000002u1t72AA,P-006755,1,stamped,ok
2026-05-26T09:59:38,006WR00000wkEcBYAU,Heritage of Newark (FKA Newark Beach Estates),PAL/ROE Complete,a2XVT000002uZOY2A2,P-006759,1,stamped,ok
2026-05-26T09:59:38,006WR00000xvhSvYAI,Killeen_MDU_1015-1017 Parmer Ave,PAL/ROE Complete,a2XVT000002uk2D2AQ,P-006760,1,stamped,ok
2026-05-26T09:59:38,006WR00000xwHHpYAM,Killeen_MDU_Downtown Manor,PAL/ROE Complete,a2XVT000002ukWr2AI,P-006761,1,stamped,ok
2026-05-26T09:59:38,006WR00000xv5LzYAI,Killeen_MDU_Stringer St Apts,PAL/ROE Complete,a2XVT000002ukev2AA,P-006762,1,stamped,ok
2026-05-26T09:59:38,006WR00000xvWR0YAM,Omaha_MDU_4810-4812 Capital Ave,PAL/ROE Complete,a2XVT000002wLu92AE,P-006766,1,stamped,ok
2026-05-26T09:59:38,006WR00000xv174YAA,Omaha_MDU_The Wakeley Pointe,PAL/ROE Complete,a2XVT000002wMTd2AM,P-006767,1,stamped,ok
2026-05-26T09:59:38,006WR00000wkA8yYAE,78th Place Apartments,PAL/ROE Complete,a2XVT000002z9wT2AQ,P-006773,1,stamped,ok
2026-05-26T09:59:38,006WR00000xwF7xYAE,Omaha_MDU_360 Skyview,PAL/ROE Complete,a2XVT000002zA9N2AU,P-006774,2,stamped,ok
2026-05-26T09:59:38,006WR00000xwH89YAE,Killeen_MDU_425 N Gilmer St,PAL/ROE Complete,a2XVT000002zAcP2AU,P-006776,1,stamped,ok
2026-05-26T09:59:38,006WR00000xwHJRYA2,Killeen_MDU_703 Gilmer Street Apartments,PAL/ROE Complete,a2XVT000002zBYT2A2,P-006778,1,stamped,ok
2026-05-26T09:59:38,006WR00000xwGnBYAU,Killeen_MDU_201 W Green Ave,PAL/ROE Complete,a2XVT000002zBmz2AE,P-006779,1,stamped,ok
2026-05-26T09:59:38,006WR00000xvPe3YAE,Killeen_MDU_602 N 2nd St,PAL/ROE Complete,a2XVT000002zIi12AE,P-006788,1,stamped,ok
2026-05-26T09:59:38,006WR00000xw7NKYAY,Killeen_MDU_511 N Gilmer & 512 Wyoming St,PAL/ROE Complete,a2XVT00000344zN2AQ,P-006796,1,stamped,ok
2026-05-26T09:59:38,006WR00000xwGATYA2,Omaha_MDU_California Place,PAL/ROE Complete,a2XVT0000035B4L2AU,P-006799,1,stamped,ok
2026-05-26T09:59:38,006WR00000xvAAMYA2,Omaha_MDU_4527 Decatur St,PAL/ROE Complete,a2XVT0000035bEv2AI,P-006803,1,stamped,ok
2026-05-26T09:59:38,006WR00000xwFSvYAM,Omaha_MDU_4455 Franklin St,PAL/ROE Complete,a2XVT000003EI1l2AG,P-006815,1,stamped,ok
2026-05-26T09:59:38,006WR00000wiNoSYAU,Haciendas de la Playa,PAL/ROE Complete,a2XVT0000009VML2A2,P-005191,1,stamped,ok
2026-05-26T09:59:38,006WR00000yuOtDYAU,Pacifica Leucadia HOA,Prospects,a2XVT0000003N4v2AE,P-004252,1,stamped,ok
2026-05-26T09:59:38,006WR00000y3k5NYAQ,Decatur_MDU_Smallwood Trailer Park,PAL/ROE Complete,a2XVT000001lsyr2AA,P-006442,1,stamped,ok
2026-05-26T09:59:38,006WR00000xwGwrYAE,Killeen_MDU_Magnolia Heights,PAL/ROE Complete,a2XVT000003JxQr2AK,P-006829,1,stamped,ok
2026-05-26T09:59:38,006WR00000xvFEsYAM,Killeen_MDU_813 N Park St Apartments,PAL/ROE Complete,a2XVT000003JyMv2AK,P-006831,1,stamped,ok
2026-05-26T09:59:38,006WR00000xvmSZYAY,Killeen_MDU_The Links Apts,PAL/ROE Complete,a2XVT000003JzIz2AK,P-006833,1,stamped,ok
2026-05-26T09:59:38,006WR00000y2DuoYAE,Solana Beach_MDU_Seascape Chateau,PAL/ROE Complete,a2XVT000003NYLp2AO,P-006844,1,stamped,ok
2026-05-26T09:59:38,006WR00000y3iV0YAI,Solana Beach_MDU_Seascape Shores Condos,PAL/ROE Complete,a2XVT000003NYNR2A4,P-006845,1,stamped,ok
2026-05-26T09:59:38,006WR00000wk9YTYAY,Solana Beach and Tennis Club,PAL/ROE Complete,a2XVT000003NYTt2AO,P-006846,1,stamped,ok
2026-05-26T09:59:38,006WR00000y24mZYAQ,Solana Beach_MDU_Surfsong Condos,PAL/ROE Complete,a2XVT000003NYYj2AO,P-006847,1,stamped,ok
2026-05-26T09:59:38,006WR00000wkDuOYAU,Stonebridge Gardens,PAL/ROE Complete,a2XVT000003PLQv2AO,P-001672,1,stamped,ok
2026-05-26T09:59:38,006WR00000wkDuKYAU,Fowler's RV Park,PAL/ROE Complete,a2XVT0000010gjR2AQ,P-006203,1,stamped,ok
2026-05-26T09:59:38,006WR00000wkDtzYAE,Whispering Hills Apartments,Marketing/Bulk Complete,a2XVT000003PksL2AS,P-006859,1,stamped,ok
2026-05-26T09:59:38,006WR00000wk9RuYAI,Town East,Marketing/Bulk Complete,a2XVT000003Plej2AC,P-006861,1,stamped,ok
2026-05-26T09:59:38,006WR00000wk9RtYAI,117 and 121 E Avenue A Apartments,Marketing/Bulk Complete,a2XVT000003PmKf2AK,P-006862,1,stamped,ok
2026-05-26T09:59:38,006WR00000wkAk9YAE,Four Seasons Condominiums of Winter Park,Closed Lost,a2X4x000002oCCpEAM,P-001021,1,stamped,ok
2026-05-26T09:59:38,006WR00000wjKFoYAM,Versante Apartment Homes,Prospects,a2X4x000002iF1vEAE,P-001802,1,stamped,ok
2026-05-26T09:59:38,006WR00000wkBojYAE,The Outlook at Windhaven,On Hold,a2X4x000002iF2UEAU,P-001818,1,stamped,ok
2026-05-26T09:59:38,006WR00000wkAVPYA2,Benedict Park Place,Prospects,a2X4x000003CnSnEAK,P-001607,1,stamped,ok
2026-05-26T09:59:38,006WR00000wkACGYA2,Bella Vita,On Hold,a2X4x000002oBbYEAU,P-000967,1,stamped,ok
2026-05-26T09:59:38,006WR00000wk9TBYAY,San Clemente,On Hold,a2X4x000002oCCfEAM,P-001019,1,stamped,ok
2026-05-26T09:59:38,006WR00000wk9TCYAY,San Angelin,On Hold,a2X4x000002oCCkEAM,P-001020,1,stamped,ok
2026-05-26T09:59:38,006WR00000wkAjtYAE,Camino Colony,Closed Lost,a2X4x000002oDlrEAE,P-001089,1,stamped,ok
2026-05-26T09:59:38,006WR00000wkAkHYAU,Adiamo Palm Valley,Prospects,a2X4x000002oEbTEAU,P-001113,1,stamped,ok
2026-05-26T09:59:38,006WR00000wk9TGYAY,San Miguel Apartments,On Hold,a2X4x000003CnSsEAK,P-001608,1,stamped,ok
2026-05-26T09:59:38,006WR00000wkDLxYAM,Lemon & Pear Tree Apartments,On Hold,a2X4x000003CnT2EAK,P-001610,1,stamped,ok
2026-05-26T09:59:38,006WR00000wkDM2YAM,The Forum Apartments FKA Archstone Apartments,On Hold,a2X4x000003CnSyEAK,P-001612,1,stamped,ok
2026-05-26T09:59:38,006WR00000wkCm3YAE,Vida Apartments,Closed Lost,a2X4x000002iFyYEAU,P-002041,1,stamped,ok
2026-05-26T09:59:38,006WR00000wkAs5YAE,Seattle Heights,Prospects,a2X4x000003CsL9EAK,P-002801,1,stamped,ok
2026-05-26T09:59:38,006WR00000wkArMYAU,Madison Crossing,Prospects,a2X4x000002iw66EAA,P-003273,1,stamped,ok
2026-05-26T09:59:38,006WR00000wkArKYAU,Lawrence Lofts,Prospects,a2X4x000002iw6BEAQ,P-003274,1,stamped,ok
2026-05-26T09:59:38,006WR00000wkClBYAU,Belterra,Prospects,a2XVT0000004Gfh2AE,P-004475,1,stamped,ok
2026-05-26T09:59:38,006WR00000wkDLtYAM,Olympus Town Center,Prospects,a2XVT0000004IBF2A2,P-004486,1,stamped,ok
2026-05-26T09:59:38,006WR00000wkDM3YAM,Luxe at Ocotillo,Prospects,a2XVT0000004IKv2AM,P-004490,1,stamped,ok
2026-05-26T09:59:38,006WR00000wkDM4YAM,Ocotillo Bay,Prospects,a2XVT0000004IPl2AM,P-004491,1,stamped,ok
2026-05-26T09:59:38,006WR00000wjnmKYAQ,University Apartments,Prospects,a2XVT000000XygX2AS,P-005894,1,stamped,ok
2026-05-26T09:59:38,006WR00000wk9ULYAY,Cottages of Edina,Prospects,a2XVT000001AvR32AK,P-006318,1,stamped,ok
2026-05-26T09:59:38,006WR00000wkDtnYAE,La Costa at Dobson Ranch,Closed Lost,a2XVT000001z18H2AQ,P-006485,1,stamped,ok
2026-05-26T09:59:38,006WR00000wkDtxYAE,Olive East,On Hold,a2XVT000001z1D92AI,P-006486,1,stamped,ok
2026-05-26T09:59:38,006WR00000yvz12YAA,Cambria HOA,Prospects,a2XVT000001z1uf2AA,P-006488,1,stamped,ok
2026-05-26T09:59:38,006WR00000wk1EpYAI,Linea Stillwater,Marketing/Bulk Complete,a2XVT000003WBJa2AO,P-006877,1,stamped,ok
2026-05-26T09:59:38,006WR00000wkCjuYAE,Bradley Arms,Marketing/Bulk In Progress,a2XVT000003Xafh2AC,P-006884,1,stamped,ok
