Action,SF_Id,Agreement_Name,IronClad_ID,IronClad_Record_Id,Conflict_Agreement,Source,Timestamp
CONFLICT,a0BWR0000083yOL2AY,AGR-0756,IC-1220,a0HWR00000neVoi2AE,a0BWR0000083yOI2AY,link_orphan_ironclad_agreements.py,2026-06-22T10:37:04.283659
CONFLICT,a0BWR0000083yaS2AQ,AGR-1307,IC-1173,a0HWR00000ng2gp2AA,a0BWR000008WSxR2AW,link_orphan_ironclad_agreements.py,2026-06-22T10:37:04.283689
CONFLICT,a0BWR000008AxqD2AS,AGR-1339,IC-671,a0HWR00000ng1sa2AA,a0BWR000008WSfh2AG,link_orphan_ironclad_agreements.py,2026-06-22T10:37:04.283702
CONFLICT,a0BWR000008HuFh2AK,AGR-1394,IC-3284,a0HWR00000rCkfD2AS,a0BWR000008WErF2AW,link_orphan_ironclad_agreements.py,2026-06-22T10:37:04.283713
CONFLICT,a0BWR000008Huh72AC,AGR-1413,IC-3282,a0HWR00000rCSNR2A4,a0BWR000008WF2X2AW,link_orphan_ironclad_agreements.py,2026-06-22T10:37:04.283722
NO_PARENT,a0BWR0000083yBY2AY,AGR-0063,IC-1377,,,link_orphan_ironclad_agreements.py,2026-06-22T10:37:04.283733
NO_PARENT,a0BWR0000083yBZ2AY,AGR-0064,N/A,,,link_orphan_ironclad_agreements.py,2026-06-22T10:37:04.283743
NO_PARENT,a0BWR0000083yFR2AY,AGR-0304,N/A,,,link_orphan_ironclad_agreements.py,2026-06-22T10:37:04.283752
NO_PARENT,a0BWR0000083yFS2AY,AGR-0305,N/A,,,link_orphan_ironclad_agreements.py,2026-06-22T10:37:04.283760
NO_PARENT,a0BWR0000083yGE2AY,AGR-0353,N/A,,,link_orphan_ironclad_agreements.py,2026-06-22T10:37:04.283768
NO_PARENT,a0BWR0000083yKM2AY,AGR-0509,N/A,,,link_orphan_ironclad_agreements.py,2026-06-22T10:37:04.283775
NO_PARENT,a0BWR0000083yKn2AI,AGR-0536,N/A,,,link_orphan_ironclad_agreements.py,2026-06-22T10:37:04.283782
NO_PARENT,a0BWR0000083yKo2AI,AGR-0537,N/A,,,link_orphan_ironclad_agreements.py,2026-06-22T10:37:04.283790
NO_PARENT,a0BWR0000083yKq2AI,AGR-0539,N/A,,,link_orphan_ironclad_agreements.py,2026-06-22T10:37:04.283797
NO_PARENT,a0BWR0000083yKw2AI,AGR-0545,N/A,,,link_orphan_ironclad_agreements.py,2026-06-22T10:37:04.283804
NO_PARENT,a0BWR0000083yLB2AY,AGR-0560,N/A,,,link_orphan_ironclad_agreements.py,2026-06-22T10:37:04.283811
NO_PARENT,a0BWR0000083yLF2AY,AGR-0564,N/A,,,link_orphan_ironclad_agreements.py,2026-06-22T10:37:04.283819
NO_PARENT,a0BWR0000083yLI2AY,AGR-0567,N/A,,,link_orphan_ironclad_agreements.py,2026-06-22T10:37:04.283826
NO_PARENT,a0BWR0000083yLK2AY,AGR-0569,N/A,,,link_orphan_ironclad_agreements.py,2026-06-22T10:37:04.283834
NO_PARENT,a0BWR0000083yLM2AY,AGR-0571,N/A,,,link_orphan_ironclad_agreements.py,2026-06-22T10:37:04.283841
NO_PARENT,a0BWR0000083yM12AI,AGR-0612,N/A,,,link_orphan_ironclad_agreements.py,2026-06-22T10:37:04.283848
NO_PARENT,a0BWR0000083yM62AI,AGR-0617,N/A,,,link_orphan_ironclad_agreements.py,2026-06-22T10:37:04.283855
NO_PARENT,a0BWR0000083yMB2AY,AGR-0622,N/A,,,link_orphan_ironclad_agreements.py,2026-06-22T10:37:04.283862
NO_PARENT,a0BWR0000083yMG2AY,AGR-0627,N/A,,,link_orphan_ironclad_agreements.py,2026-06-22T10:37:04.283870
NO_PARENT,a0BWR0000083yML2AY,AGR-0632,N/A,,,link_orphan_ironclad_agreements.py,2026-06-22T10:37:04.283877
NO_PARENT,a0BWR0000083yMQ2AY,AGR-0637,N/A,,,link_orphan_ironclad_agreements.py,2026-06-22T10:37:04.283884
NO_PARENT,a0BWR0000083yMS2AY,AGR-0639,N/A,,,link_orphan_ironclad_agreements.py,2026-06-22T10:37:04.283892
NO_PARENT,a0BWR0000083yO02AI,AGR-0735,N/A,,,link_orphan_ironclad_agreements.py,2026-06-22T10:37:04.283899
NO_PARENT,a0BWR0000083yO32AI,AGR-0738,N/A,,,link_orphan_ironclad_agreements.py,2026-06-22T10:37:04.283906
NO_PARENT,a0BWR0000083yO92AI,AGR-0744,N/A,,,link_orphan_ironclad_agreements.py,2026-06-22T10:37:04.283913
NO_PARENT,a0BWR0000083yOB2AY,AGR-0746,N/A,,,link_orphan_ironclad_agreements.py,2026-06-22T10:37:04.283920
NO_PARENT,a0BWR0000083yOD2AY,AGR-0748,N/A,,,link_orphan_ironclad_agreements.py,2026-06-22T10:37:04.283927
NO_PARENT,a0BWR0000083yOh2AI,AGR-0778,N/A,,,link_orphan_ironclad_agreements.py,2026-06-22T10:37:04.283935
NO_PARENT,a0BWR0000083yOj2AI,AGR-0780,N/A,,,link_orphan_ironclad_agreements.py,2026-06-22T10:37:04.283942
NO_PARENT,a0BWR0000083yOl2AI,AGR-0782,N/A,,,link_orphan_ironclad_agreements.py,2026-06-22T10:37:04.283949
NO_PARENT,a0BWR0000083yTN2AY,AGR-0868,N/A,,,link_orphan_ironclad_agreements.py,2026-06-22T10:37:04.283956
NO_PARENT,a0BWR0000083yTP2AY,AGR-0870,N/A,,,link_orphan_ironclad_agreements.py,2026-06-22T10:37:04.283963
NO_PARENT,a0BWR0000083yTR2AY,AGR-0872,N/A,,,link_orphan_ironclad_agreements.py,2026-06-22T10:37:04.283970
NO_PARENT,a0BWR0000083yTT2AY,AGR-0874,N/A,,,link_orphan_ironclad_agreements.py,2026-06-22T10:37:04.283977
NO_PARENT,a0BWR0000083yTk2AI,AGR-0891,N/A,,,link_orphan_ironclad_agreements.py,2026-06-22T10:37:04.283984
NO_PARENT,a0BWR0000083yTm2AI,AGR-0893,N/A,,,link_orphan_ironclad_agreements.py,2026-06-22T10:37:04.283992
NO_PARENT,a0BWR0000083yTp2AI,AGR-0896,N/A,,,link_orphan_ironclad_agreements.py,2026-06-22T10:37:04.283999
NO_PARENT,a0BWR0000083yTs2AI,AGR-0899,N/A,,,link_orphan_ironclad_agreements.py,2026-06-22T10:37:04.284006
NO_PARENT,a0BWR0000083yUo2AI,AGR-0957,N/A,,,link_orphan_ironclad_agreements.py,2026-06-22T10:37:04.284013
NO_PARENT,a0BWR0000083yUp2AI,AGR-0958,N/A,,,link_orphan_ironclad_agreements.py,2026-06-22T10:37:04.284020
NO_PARENT,a0BWR0000083yUr2AI,AGR-0960,N/A,,,link_orphan_ironclad_agreements.py,2026-06-22T10:37:04.284027
NO_PARENT,a0BWR0000083yUs2AI,AGR-0961,N/A,,,link_orphan_ironclad_agreements.py,2026-06-22T10:37:04.284034
NO_PARENT,a0BWR0000083yUv2AI,AGR-0964,N/A,,,link_orphan_ironclad_agreements.py,2026-06-22T10:37:04.284041
NO_PARENT,a0BWR0000083yUx2AI,AGR-0966,N/A,,,link_orphan_ironclad_agreements.py,2026-06-22T10:37:04.284048
NO_PARENT,a0BWR0000083yUz2AI,AGR-0968,N/A,,,link_orphan_ironclad_agreements.py,2026-06-22T10:37:04.284055
NO_PARENT,a0BWR0000083yV02AI,AGR-0969,N/A,,,link_orphan_ironclad_agreements.py,2026-06-22T10:37:04.284062
NO_PARENT,a0BWR0000083yV22AI,AGR-0971,N/A,,,link_orphan_ironclad_agreements.py,2026-06-22T10:37:04.284069
NO_PARENT,a0BWR0000083yV32AI,AGR-0972,N/A,,,link_orphan_ironclad_agreements.py,2026-06-22T10:37:04.284076
NO_PARENT,a0BWR0000083yV52AI,AGR-0974,N/A,,,link_orphan_ironclad_agreements.py,2026-06-22T10:37:04.284083
NO_PARENT,a0BWR0000083yV62AI,AGR-0975,N/A,,,link_orphan_ironclad_agreements.py,2026-06-22T10:37:04.284090
NO_PARENT,a0BWR0000083yV82AI,AGR-0977,N/A,,,link_orphan_ironclad_agreements.py,2026-06-22T10:37:04.284097
NO_PARENT,a0BWR0000083yV92AI,AGR-0978,N/A,,,link_orphan_ironclad_agreements.py,2026-06-22T10:37:04.284104
NO_PARENT,a0BWR0000083yVB2AY,AGR-0980,N/A,,,link_orphan_ironclad_agreements.py,2026-06-22T10:37:04.284111
NO_PARENT,a0BWR0000083yVC2AY,AGR-0981,N/A,,,link_orphan_ironclad_agreements.py,2026-06-22T10:37:04.284119
NO_PARENT,a0BWR0000083yVE2AY,AGR-0983,N/A,,,link_orphan_ironclad_agreements.py,2026-06-22T10:37:04.284126
NO_PARENT,a0BWR0000083yVF2AY,AGR-0984,N/A,,,link_orphan_ironclad_agreements.py,2026-06-22T10:37:04.284133
NO_PARENT,a0BWR0000083yVH2AY,AGR-0986,N/A,,,link_orphan_ironclad_agreements.py,2026-06-22T10:37:04.284140
NO_PARENT,a0BWR0000083yVI2AY,AGR-0987,N/A,,,link_orphan_ironclad_agreements.py,2026-06-22T10:37:04.284148
NO_PARENT,a0BWR0000083yVK2AY,AGR-0989,N/A,,,link_orphan_ironclad_agreements.py,2026-06-22T10:37:04.284155
NO_PARENT,a0BWR0000083yVL2AY,AGR-0990,N/A,,,link_orphan_ironclad_agreements.py,2026-06-22T10:37:04.284163
NO_PARENT,a0BWR0000083yVN2AY,AGR-0992,N/A,,,link_orphan_ironclad_agreements.py,2026-06-22T10:37:04.284171
NO_PARENT,a0BWR0000083yVO2AY,AGR-0993,N/A,,,link_orphan_ironclad_agreements.py,2026-06-22T10:37:04.284178
NO_PARENT,a0BWR0000083yVQ2AY,AGR-0995,N/A,,,link_orphan_ironclad_agreements.py,2026-06-22T10:37:04.284185
NO_PARENT,a0BWR0000083yVR2AY,AGR-0996,N/A,,,link_orphan_ironclad_agreements.py,2026-06-22T10:37:04.284192
NO_PARENT,a0BWR0000083yVT2AY,AGR-0998,N/A,,,link_orphan_ironclad_agreements.py,2026-06-22T10:37:04.284199
NO_PARENT,a0BWR0000083yVU2AY,AGR-0999,N/A,,,link_orphan_ironclad_agreements.py,2026-06-22T10:37:04.284206
NO_PARENT,a0BWR0000083yVW2AY,AGR-1001,N/A,,,link_orphan_ironclad_agreements.py,2026-06-22T10:37:04.284213
NO_PARENT,a0BWR0000083yVX2AY,AGR-1002,N/A,,,link_orphan_ironclad_agreements.py,2026-06-22T10:37:04.284220
NO_PARENT,a0BWR0000083yVa2AI,AGR-1005,N/A,,,link_orphan_ironclad_agreements.py,2026-06-22T10:37:04.284227
NO_PARENT,a0BWR0000083yVc2AI,AGR-1007,N/A,,,link_orphan_ironclad_agreements.py,2026-06-22T10:37:04.284244
NO_PARENT,a0BWR0000083yVh2AI,AGR-1012,N/A,,,link_orphan_ironclad_agreements.py,2026-06-22T10:37:04.284251
NO_PARENT,a0BWR0000083yVi2AI,AGR-1013,N/A,,,link_orphan_ironclad_agreements.py,2026-06-22T10:37:04.284259
NO_PARENT,a0BWR0000083yVl2AI,AGR-1016,N/A,,,link_orphan_ironclad_agreements.py,2026-06-22T10:37:04.284267
NO_PARENT,a0BWR0000083yVp2AI,AGR-1020,N/A,,,link_orphan_ironclad_agreements.py,2026-06-22T10:37:04.284274
NO_PARENT,a0BWR0000083yVr2AI,AGR-1022,N/A,,,link_orphan_ironclad_agreements.py,2026-06-22T10:37:04.284281
NO_PARENT,a0BWR0000083yVs2AI,AGR-1023,N/A,,,link_orphan_ironclad_agreements.py,2026-06-22T10:37:04.284288
NO_PARENT,a0BWR0000083yVv2AI,AGR-1026,N/A,,,link_orphan_ironclad_agreements.py,2026-06-22T10:37:04.284295
NO_PARENT,a0BWR0000083yVx2AI,AGR-1028,N/A,,,link_orphan_ironclad_agreements.py,2026-06-22T10:37:04.284302
NO_PARENT,a0BWR0000083yVz2AI,AGR-1030,N/A,,,link_orphan_ironclad_agreements.py,2026-06-22T10:37:04.284310
NO_PARENT,a0BWR0000083yW12AI,AGR-1032,N/A,,,link_orphan_ironclad_agreements.py,2026-06-22T10:37:04.284317
NO_PARENT,a0BWR0000083yW32AI,AGR-1034,N/A,,,link_orphan_ironclad_agreements.py,2026-06-22T10:37:04.284324
NO_PARENT,a0BWR0000083yW52AI,AGR-1036,N/A,,,link_orphan_ironclad_agreements.py,2026-06-22T10:37:04.284331
NO_PARENT,a0BWR0000083yW72AI,AGR-1038,N/A,,,link_orphan_ironclad_agreements.py,2026-06-22T10:37:04.284338
NO_PARENT,a0BWR0000083yW92AI,AGR-1040,N/A,,,link_orphan_ironclad_agreements.py,2026-06-22T10:37:04.284345
NO_PARENT,a0BWR0000083yWA2AY,AGR-1041,N/A,,,link_orphan_ironclad_agreements.py,2026-06-22T10:37:04.284352
NO_PARENT,a0BWR0000083yWC2AY,AGR-1043,N/A,,,link_orphan_ironclad_agreements.py,2026-06-22T10:37:04.284359
NO_PARENT,a0BWR0000083yWH2AY,AGR-1048,N/A,,,link_orphan_ironclad_agreements.py,2026-06-22T10:37:04.284366
NO_PARENT,a0BWR0000083yWJ2AY,AGR-1050,N/A,,,link_orphan_ironclad_agreements.py,2026-06-22T10:37:04.284374
NO_PARENT,a0BWR0000083yWM2AY,AGR-1053,N/A,,,link_orphan_ironclad_agreements.py,2026-06-22T10:37:04.284381
NO_PARENT,a0BWR0000083yWV2AY,AGR-1062,N/A,,,link_orphan_ironclad_agreements.py,2026-06-22T10:37:04.284388
NO_PARENT,a0BWR0000083yWW2AY,AGR-1063,N/A,,,link_orphan_ironclad_agreements.py,2026-06-22T10:37:04.284395
NO_PARENT,a0BWR0000083yWZ2AY,AGR-1066,N/A,,,link_orphan_ironclad_agreements.py,2026-06-22T10:37:04.284402
NO_PARENT,a0BWR0000083yWa2AI,AGR-1067,N/A,,,link_orphan_ironclad_agreements.py,2026-06-22T10:37:04.284409
NO_PARENT,a0BWR0000083yWe2AI,AGR-1071,N/A,,,link_orphan_ironclad_agreements.py,2026-06-22T10:37:04.284416
NO_PARENT,a0BWR0000083yWg2AI,AGR-1073,N/A,,,link_orphan_ironclad_agreements.py,2026-06-22T10:37:04.284424
NO_PARENT,a0BWR0000083yWi2AI,AGR-1075,N/A,,,link_orphan_ironclad_agreements.py,2026-06-22T10:37:04.284431
NO_PARENT,a0BWR0000083yWl2AI,AGR-1078,N/A,,,link_orphan_ironclad_agreements.py,2026-06-22T10:37:04.284438
NO_PARENT,a0BWR0000083yWp2AI,AGR-1082,N/A,,,link_orphan_ironclad_agreements.py,2026-06-22T10:37:04.284445
NO_PARENT,a0BWR0000083yWs2AI,AGR-1085,N/A,,,link_orphan_ironclad_agreements.py,2026-06-22T10:37:04.284452
NO_PARENT,a0BWR0000083yWv2AI,AGR-1088,N/A,,,link_orphan_ironclad_agreements.py,2026-06-22T10:37:04.284459
NO_PARENT,a0BWR0000083yWx2AI,AGR-1090,N/A,,,link_orphan_ironclad_agreements.py,2026-06-22T10:37:04.284466
NO_PARENT,a0BWR0000083yWy2AI,AGR-1091,N/A,,,link_orphan_ironclad_agreements.py,2026-06-22T10:37:04.284473
NO_PARENT,a0BWR0000083yX22AI,AGR-1095,N/A,,,link_orphan_ironclad_agreements.py,2026-06-22T10:37:04.284480
NO_PARENT,a0BWR0000083yX52AI,AGR-1098,N/A,,,link_orphan_ironclad_agreements.py,2026-06-22T10:37:04.284487
NO_PARENT,a0BWR0000083yX82AI,AGR-1101,N/A,,,link_orphan_ironclad_agreements.py,2026-06-22T10:37:04.284494
NO_PARENT,a0BWR0000083yXB2AY,AGR-1104,N/A,,,link_orphan_ironclad_agreements.py,2026-06-22T10:37:04.284502
NO_PARENT,a0BWR0000083yXE2AY,AGR-1107,N/A,,,link_orphan_ironclad_agreements.py,2026-06-22T10:37:04.284509
NO_PARENT,a0BWR0000083yXH2AY,AGR-1110,N/A,,,link_orphan_ironclad_agreements.py,2026-06-22T10:37:04.284516
NO_PARENT,a0BWR0000083yXK2AY,AGR-1113,N/A,,,link_orphan_ironclad_agreements.py,2026-06-22T10:37:04.284523
NO_PARENT,a0BWR0000083yXP2AY,AGR-1118,N/A,,,link_orphan_ironclad_agreements.py,2026-06-22T10:37:04.284530
NO_PARENT,a0BWR0000083yXQ2AY,AGR-1119,N/A,,,link_orphan_ironclad_agreements.py,2026-06-22T10:37:04.284537
NO_PARENT,a0BWR0000083yXU2AY,AGR-1123,N/A,,,link_orphan_ironclad_agreements.py,2026-06-22T10:37:04.284544
NO_PARENT,a0BWR0000083yXW2AY,AGR-1125,N/A,,,link_orphan_ironclad_agreements.py,2026-06-22T10:37:04.284552
NO_PARENT,a0BWR0000083yXX2AY,AGR-1126,N/A,,,link_orphan_ironclad_agreements.py,2026-06-22T10:37:04.284559
NO_PARENT,a0BWR0000083yXa2AI,AGR-1129,N/A,,,link_orphan_ironclad_agreements.py,2026-06-22T10:37:04.284566
NO_PARENT,a0BWR0000083yXb2AI,AGR-1130,N/A,,,link_orphan_ironclad_agreements.py,2026-06-22T10:37:04.284573
NO_PARENT,a0BWR0000083yXg2AI,AGR-1135,N/A,,,link_orphan_ironclad_agreements.py,2026-06-22T10:37:04.284580
NO_PARENT,a0BWR0000083yXh2AI,AGR-1136,N/A,,,link_orphan_ironclad_agreements.py,2026-06-22T10:37:04.284587
NO_PARENT,a0BWR0000083yXk2AI,AGR-1139,N/A,,,link_orphan_ironclad_agreements.py,2026-06-22T10:37:04.284594
NO_PARENT,a0BWR0000083yXl2AI,AGR-1140,N/A,,,link_orphan_ironclad_agreements.py,2026-06-22T10:37:04.284601
NO_PARENT,a0BWR0000083yXr2AI,AGR-1146,N/A,,,link_orphan_ironclad_agreements.py,2026-06-22T10:37:04.284609
NO_PARENT,a0BWR0000083yXu2AI,AGR-1149,N/A,,,link_orphan_ironclad_agreements.py,2026-06-22T10:37:04.284616
NO_PARENT,a0BWR0000083yXz2AI,AGR-1154,N/A,,,link_orphan_ironclad_agreements.py,2026-06-22T10:37:04.284623
NO_PARENT,a0BWR0000083yY12AI,AGR-1156,N/A,,,link_orphan_ironclad_agreements.py,2026-06-22T10:37:04.284631
NO_PARENT,a0BWR0000083yY22AI,AGR-1157,N/A,,,link_orphan_ironclad_agreements.py,2026-06-22T10:37:04.284638
NO_PARENT,a0BWR0000083yY42AI,AGR-1159,N/A,,,link_orphan_ironclad_agreements.py,2026-06-22T10:37:04.284645
NO_PARENT,a0BWR0000083yY72AI,AGR-1162,N/A,,,link_orphan_ironclad_agreements.py,2026-06-22T10:37:04.284652
NO_PARENT,a0BWR0000083yY82AI,AGR-1163,N/A,,,link_orphan_ironclad_agreements.py,2026-06-22T10:37:04.284662
NO_PARENT,a0BWR0000083yYC2AY,AGR-1167,N/A,,,link_orphan_ironclad_agreements.py,2026-06-22T10:37:04.284669
NO_PARENT,a0BWR0000083yYF2AY,AGR-1170,N/A,,,link_orphan_ironclad_agreements.py,2026-06-22T10:37:04.284675
NO_PARENT,a0BWR0000083yYI2AY,AGR-1173,N/A,,,link_orphan_ironclad_agreements.py,2026-06-22T10:37:04.284682
NO_PARENT,a0BWR0000083yYM2AY,AGR-1177,N/A,,,link_orphan_ironclad_agreements.py,2026-06-22T10:37:04.284689
NO_PARENT,a0BWR0000083yYP2AY,AGR-1180,N/A,,,link_orphan_ironclad_agreements.py,2026-06-22T10:37:04.284695
NO_PARENT,a0BWR0000083yYT2AY,AGR-1184,N/A,,,link_orphan_ironclad_agreements.py,2026-06-22T10:37:04.284702
NO_PARENT,a0BWR0000083yYW2AY,AGR-1187,N/A,,,link_orphan_ironclad_agreements.py,2026-06-22T10:37:04.284708
NO_PARENT,a0BWR0000083yYZ2AY,AGR-1190,N/A,,,link_orphan_ironclad_agreements.py,2026-06-22T10:37:04.284715
NO_PARENT,a0BWR0000083yYc2AI,AGR-1193,N/A,,,link_orphan_ironclad_agreements.py,2026-06-22T10:37:04.284722
NO_PARENT,a0BWR0000083yYe2AI,AGR-1195,N/A,,,link_orphan_ironclad_agreements.py,2026-06-22T10:37:04.284729
NO_PARENT,a0BWR0000083yYf2AI,AGR-1196,N/A,,,link_orphan_ironclad_agreements.py,2026-06-22T10:37:04.284735
NO_PARENT,a0BWR0000083yYi2AI,AGR-1199,N/A,,,link_orphan_ironclad_agreements.py,2026-06-22T10:37:04.284750
NO_PARENT,a0BWR0000083yYj2AI,AGR-1200,N/A,,,link_orphan_ironclad_agreements.py,2026-06-22T10:37:04.284757
NO_PARENT,a0BWR0000083yYm2AI,AGR-1203,N/A,,,link_orphan_ironclad_agreements.py,2026-06-22T10:37:04.284764
NO_PARENT,a0BWR0000083yYn2AI,AGR-1204,N/A,,,link_orphan_ironclad_agreements.py,2026-06-22T10:37:04.284771
NO_PARENT,a0BWR0000083yYr2AI,AGR-1208,N/A,,,link_orphan_ironclad_agreements.py,2026-06-22T10:37:04.284778
NO_PARENT,a0BWR0000083yYt2AI,AGR-1210,N/A,,,link_orphan_ironclad_agreements.py,2026-06-22T10:37:04.284784
NO_PARENT,a0BWR0000083yYu2AI,AGR-1211,N/A,,,link_orphan_ironclad_agreements.py,2026-06-22T10:37:04.284791
NO_PARENT,a0BWR0000083yYx2AI,AGR-1214,N/A,,,link_orphan_ironclad_agreements.py,2026-06-22T10:37:04.284805
NO_PARENT,a0BWR0000083yYy2AI,AGR-1215,N/A,,,link_orphan_ironclad_agreements.py,2026-06-22T10:37:04.284812
NO_PARENT,a0BWR0000083yZ12AI,AGR-1218,N/A,,,link_orphan_ironclad_agreements.py,2026-06-22T10:37:04.284819
NO_PARENT,a0BWR0000083yZ22AI,AGR-1219,N/A,,,link_orphan_ironclad_agreements.py,2026-06-22T10:37:04.284826
NO_PARENT,a0BWR0000083yZ52AI,AGR-1222,N/A,,,link_orphan_ironclad_agreements.py,2026-06-22T10:37:04.284832
NO_PARENT,a0BWR0000083yZ62AI,AGR-1223,N/A,,,link_orphan_ironclad_agreements.py,2026-06-22T10:37:04.284839
NO_PARENT,a0BWR0000083yZA2AY,AGR-1227,N/A,,,link_orphan_ironclad_agreements.py,2026-06-22T10:37:04.284846
NO_PARENT,a0BWR0000083yZC2AY,AGR-1229,N/A,,,link_orphan_ironclad_agreements.py,2026-06-22T10:37:04.284852
NO_PARENT,a0BWR0000083yZD2AY,AGR-1230,N/A,,,link_orphan_ironclad_agreements.py,2026-06-22T10:37:04.284859
NO_PARENT,a0BWR0000083yZG2AY,AGR-1233,N/A,,,link_orphan_ironclad_agreements.py,2026-06-22T10:37:04.284865
NO_PARENT,a0BWR0000083yZH2AY,AGR-1234,N/A,,,link_orphan_ironclad_agreements.py,2026-06-22T10:37:04.284872
NO_PARENT,a0BWR0000083yZK2AY,AGR-1237,N/A,,,link_orphan_ironclad_agreements.py,2026-06-22T10:37:04.284879
NO_PARENT,a0BWR0000083yZL2AY,AGR-1238,N/A,,,link_orphan_ironclad_agreements.py,2026-06-22T10:37:04.284885
NO_PARENT,a0BWR0000083yZM2AY,AGR-1239,IC-991,,,link_orphan_ironclad_agreements.py,2026-06-22T10:37:04.284892
NO_PARENT,a0BWR0000083yZO2AY,AGR-1241,N/A,,,link_orphan_ironclad_agreements.py,2026-06-22T10:37:04.284898
NO_PARENT,a0BWR0000083yZP2AY,AGR-1242,N/A,,,link_orphan_ironclad_agreements.py,2026-06-22T10:37:04.284905
NO_PARENT,a0BWR0000083yZQ2AY,AGR-1243,IC-991,,,link_orphan_ironclad_agreements.py,2026-06-22T10:37:04.284912
NO_PARENT,a0BWR0000083yZS2AY,AGR-1245,N/A,,,link_orphan_ironclad_agreements.py,2026-06-22T10:37:04.284918
NO_PARENT,a0BWR0000083yZT2AY,AGR-1246,N/A,,,link_orphan_ironclad_agreements.py,2026-06-22T10:37:04.284925
NO_PARENT,a0BWR0000083yZU2AY,AGR-1247,IC-991,,,link_orphan_ironclad_agreements.py,2026-06-22T10:37:04.284932
NO_PARENT,a0BWR0000083yZX2AY,AGR-1250,N/A,,,link_orphan_ironclad_agreements.py,2026-06-22T10:37:04.284938
NO_PARENT,a0BWR0000083yZZ2AY,AGR-1252,N/A,,,link_orphan_ironclad_agreements.py,2026-06-22T10:37:04.284945
NO_PARENT,a0BWR0000083yZa2AI,AGR-1253,N/A,,,link_orphan_ironclad_agreements.py,2026-06-22T10:37:04.284952
NO_PARENT,a0BWR0000083yZb2AI,AGR-1254,IC-991,,,link_orphan_ironclad_agreements.py,2026-06-22T10:37:04.284958
NO_PARENT,a0BWR0000083yZd2AI,AGR-1256,N/A,,,link_orphan_ironclad_agreements.py,2026-06-22T10:37:04.284965
NO_PARENT,a0BWR0000083yZe2AI,AGR-1257,N/A,,,link_orphan_ironclad_agreements.py,2026-06-22T10:37:04.284971
NO_PARENT,a0BWR0000083yZh2AI,AGR-1260,N/A,,,link_orphan_ironclad_agreements.py,2026-06-22T10:37:04.284978
NO_PARENT,a0BWR0000083yZi2AI,AGR-1261,N/A,,,link_orphan_ironclad_agreements.py,2026-06-22T10:37:04.284984
NO_PARENT,a0BWR0000083yZl2AI,AGR-1264,N/A,,,link_orphan_ironclad_agreements.py,2026-06-22T10:37:04.284991
NO_PARENT,a0BWR0000083yZm2AI,AGR-1265,N/A,,,link_orphan_ironclad_agreements.py,2026-06-22T10:37:04.284998
NO_PARENT,a0BWR0000083yZp2AI,AGR-1268,N/A,,,link_orphan_ironclad_agreements.py,2026-06-22T10:37:04.285005
NO_PARENT,a0BWR0000083yZr2AI,AGR-1270,N/A,,,link_orphan_ironclad_agreements.py,2026-06-22T10:37:04.285011
NO_PARENT,a0BWR0000083yZs2AI,AGR-1271,N/A,,,link_orphan_ironclad_agreements.py,2026-06-22T10:37:04.285018
NO_PARENT,a0BWR0000083yZv2AI,AGR-1274,N/A,,,link_orphan_ironclad_agreements.py,2026-06-22T10:37:04.285025
NO_PARENT,a0BWR0000083yZw2AI,AGR-1275,N/A,,,link_orphan_ironclad_agreements.py,2026-06-22T10:37:04.285031
NO_PARENT,a0BWR0000083yZz2AI,AGR-1278,N/A,,,link_orphan_ironclad_agreements.py,2026-06-22T10:37:04.285038
NO_PARENT,a0BWR0000083ya02AA,AGR-1279,N/A,,,link_orphan_ironclad_agreements.py,2026-06-22T10:37:04.285044
NO_PARENT,a0BWR0000083ya32AA,AGR-1282,N/A,,,link_orphan_ironclad_agreements.py,2026-06-22T10:37:04.285051
NO_PARENT,a0BWR0000083ya42AA,AGR-1283,N/A,,,link_orphan_ironclad_agreements.py,2026-06-22T10:37:04.285057
NO_PARENT,a0BWR0000083ya92AA,AGR-1288,N/A,,,link_orphan_ironclad_agreements.py,2026-06-22T10:37:04.285064
NO_PARENT,a0BWR0000083yaA2AQ,AGR-1289,N/A,,,link_orphan_ironclad_agreements.py,2026-06-22T10:37:04.285070
NO_PARENT,a0BWR0000083yaE2AQ,AGR-1293,N/A,,,link_orphan_ironclad_agreements.py,2026-06-22T10:37:04.285077
NO_PARENT,a0BWR0000083yaG2AQ,AGR-1295,N/A,,,link_orphan_ironclad_agreements.py,2026-06-22T10:37:04.285084
NO_PARENT,a0BWR0000083yaH2AQ,AGR-1296,N/A,,,link_orphan_ironclad_agreements.py,2026-06-22T10:37:04.285090
NO_PARENT,a0BWR0000083yaL2AQ,AGR-1300,N/A,,,link_orphan_ironclad_agreements.py,2026-06-22T10:37:04.285097
NO_PARENT,a0BWR0000083yaO2AQ,AGR-1303,N/A,,,link_orphan_ironclad_agreements.py,2026-06-22T10:37:04.285103
NO_PARENT,a0BWR0000083yaR2AQ,AGR-1306,N/A,,,link_orphan_ironclad_agreements.py,2026-06-22T10:37:04.285110
NO_PARENT,a0BWR0000083yaT2AQ,AGR-1308,N/A,,,link_orphan_ironclad_agreements.py,2026-06-22T10:37:04.285116
NO_PARENT,a0BWR0000083yaU2AQ,AGR-1309,N/A,,,link_orphan_ironclad_agreements.py,2026-06-22T10:37:04.285123
NO_PARENT,a0BWR000008ZFqn2AG,AGR-1491,N/A,,,link_orphan_ironclad_agreements.py,2026-06-22T10:37:04.285129
NO_PARENT,a0BWR000008ZFvd2AG,AGR-1494,N/A,,,link_orphan_ironclad_agreements.py,2026-06-22T10:37:04.285136
NO_PARENT,a0BWR000008ZIwj2AG,AGR-1499,N/A,,,link_orphan_ironclad_agreements.py,2026-06-22T10:37:04.285142
NO_PARENT,a0BWR000008aBEr2AM,AGR-1547,IC-1523,,,link_orphan_ironclad_agreements.py,2026-06-22T10:37:04.285149
NO_PARENT,a0BWR000008qFpZ2AU,AGR-1564,N/A,,,link_orphan_ironclad_agreements.py,2026-06-22T10:37:04.285156
NO_PARENT,a0BWR0000091mzu2AA,AGR-1587,N/A,,,link_orphan_ironclad_agreements.py,2026-06-22T10:37:04.285162
NO_PARENT,a0BWR0000091qLx2AI,AGR-1585,N/A,,,link_orphan_ironclad_agreements.py,2026-06-22T10:37:04.285169
NO_PARENT,a0BWR0000091qaT2AQ,AGR-1586,N/A,,,link_orphan_ironclad_agreements.py,2026-06-22T10:37:04.285175
NO_PARENT,a0BWR000009E4pl2AC,AGR-1588,N/A,,,link_orphan_ironclad_agreements.py,2026-06-22T10:37:04.285182
NO_PARENT,a0BWR000009E5dl2AC,AGR-1589,N/A,,,link_orphan_ironclad_agreements.py,2026-06-22T10:37:04.285188
NO_PARENT,a0BWR000009E68P2AS,AGR-1590,N/A,,,link_orphan_ironclad_agreements.py,2026-06-22T10:37:04.285195
NO_PARENT,a0BWR000009E6A12AK,AGR-1591,N/A,,,link_orphan_ironclad_agreements.py,2026-06-22T10:37:04.285201
NO_PARENT,a0BWR000009LK092AG,AGR-1594,N/A,,,link_orphan_ironclad_agreements.py,2026-06-22T10:37:04.285208
NO_PARENT,a0BWR000009LMEr2AO,AGR-1595,N/A,,,link_orphan_ironclad_agreements.py,2026-06-22T10:37:04.285214
NO_PARENT,a0BWR000009LMGT2A4,AGR-1596,N/A,,,link_orphan_ironclad_agreements.py,2026-06-22T10:37:04.285221
NO_PARENT,a0BWR000009LP1R2AW,AGR-1597,N/A,,,link_orphan_ironclad_agreements.py,2026-06-22T10:37:04.285228
