SF_Id,Name,Field,Before,After,Source,Timestamp,Action,Note
a01WR00001JZVYbYAP,102 ARCHWAY LN LIBERTY HILL TX,(created),,PL created,apply_powerbi_diff_2026-04-27.py,2026-04-27T10:56:42,CREATE,
a01WR00001JZVYcYAP,135 OLD MILL RD RHOME TX,(created),,PL created,apply_powerbi_diff_2026-04-27.py,2026-04-27T10:56:42,CREATE,
a01WR00001JZVYdYAP,660 W FM 2410 HARKER HEIGHTS TX,(created),,PL created,apply_powerbi_diff_2026-04-27.py,2026-04-27T10:56:42,CREATE,
a01WR00000UGXnGYAX,704 EDWARDS DR HARKER HEIGHTS TX,Circuit_ID__c,TX1001-006000010A,TX1001-006000005A,apply_powerbi_diff_2026-04-27.py,2026-04-27T10:56:42,UPDATE,
a02WR00000ZsMsDYAV,TX2001-017000375A,(created),,Unit created,apply_powerbi_diff_2026-04-27.py,2026-04-27T10:56:42,CREATE,parent_bba=102 ARCHWAY LN LIBERTY HILL TX
a02WR00000ZsMsEYAV,TX0608-002000336A,(created),,Unit created,apply_powerbi_diff_2026-04-27.py,2026-04-27T10:56:42,CREATE,parent_bba=135 OLD MILL RD RHOME TX
a02WR00000FcLqLYAV,TX0603-011000830A,Activated__c,Yes,No,apply_powerbi_diff_2026-04-27.py,2026-04-27T10:56:42,UPDATE,
a02WR00000FcLqLYAV,TX0603-011000830A,Address_Activation_Date__c,2021-01-01,,apply_powerbi_diff_2026-04-27.py,2026-04-27T10:56:42,UPDATE,
a02WR00000FcM78YAF,TX0606-026000229A,Activated__c,Yes,No,apply_powerbi_diff_2026-04-27.py,2026-04-27T10:56:42,UPDATE,
a02WR00000FcM78YAF,TX0606-026000229A,Address_Activation_Date__c,2021-01-01,,apply_powerbi_diff_2026-04-27.py,2026-04-27T10:56:42,UPDATE,
a02WR00000FcMEQYA3,TX0606-028000003A,Activated__c,Yes,No,apply_powerbi_diff_2026-04-27.py,2026-04-27T10:56:42,UPDATE,
a02WR00000FcMEQYA3,TX0606-028000003A,Address_Activation_Date__c,2021-01-01,,apply_powerbi_diff_2026-04-27.py,2026-04-27T10:56:42,UPDATE,
a02WR00000FcMLwYAN,TX0603-009000289A,Activated__c,Yes,No,apply_powerbi_diff_2026-04-27.py,2026-04-27T10:56:42,UPDATE,
a02WR00000FcMLwYAN,TX0603-009000289A,Address_Activation_Date__c,2021-01-01,,apply_powerbi_diff_2026-04-27.py,2026-04-27T10:56:42,UPDATE,
a02WR00000SBPUWYA5,TX0602-031000001A,Activated__c,Yes,No,apply_powerbi_diff_2026-04-27.py,2026-04-27T10:56:42,UPDATE,
a02WR00000SBPUWYA5,TX0602-031000001A,Address_Activation_Date__c,2021-01-01,,apply_powerbi_diff_2026-04-27.py,2026-04-27T10:56:42,UPDATE,
a02WR00000SBPakYAH,TX0602-031000002A,Activated__c,Yes,No,apply_powerbi_diff_2026-04-27.py,2026-04-27T10:56:42,UPDATE,
a02WR00000SBPakYAH,TX0602-031000002A,Address_Activation_Date__c,2021-01-01,,apply_powerbi_diff_2026-04-27.py,2026-04-27T10:56:42,UPDATE,
a02WR00000FcNI7YAN,TX0603-009000278A,Activated__c,Yes,No,apply_powerbi_diff_2026-04-27.py,2026-04-27T10:56:42,UPDATE,
a02WR00000FcNI7YAN,TX0603-009000278A,Address_Activation_Date__c,2021-01-01,,apply_powerbi_diff_2026-04-27.py,2026-04-27T10:56:42,UPDATE,
a02WR00000FcNbsYAF,TX0602-021000156A,Activated__c,Yes,No,apply_powerbi_diff_2026-04-27.py,2026-04-27T10:56:42,UPDATE,
a02WR00000FcNbsYAF,TX0602-021000156A,Address_Activation_Date__c,2021-01-01,,apply_powerbi_diff_2026-04-27.py,2026-04-27T10:56:42,UPDATE,
a02WR00000FcNhfYAF,TX0605-018000220A,Address_Activation_Date__c,2021-05-04,2025-07-05,apply_powerbi_diff_2026-04-27.py,2026-04-27T10:56:42,UPDATE,
a02WR00000FcOMRYA3,TX0602-002000209A,Activated__c,No,Yes,apply_powerbi_diff_2026-04-27.py,2026-04-27T10:56:42,UPDATE,
a02WR00000FcOMRYA3,TX0602-002000209A,Address_Activation_Date__c,,2026-04-23,apply_powerbi_diff_2026-04-27.py,2026-04-27T10:56:42,UPDATE,
a02WR00000FcOMRYA3,TX0602-002000209A,Ordered_Product__c,,Internet Service,apply_powerbi_diff_2026-04-27.py,2026-04-27T10:56:42,UPDATE,
a02WR00000FcORjYAN,TX0604-004000718A,Activated__c,Yes,No,apply_powerbi_diff_2026-04-27.py,2026-04-27T10:56:42,UPDATE,
a02WR00000FcORjYAN,TX0604-004000718A,Address_Activation_Date__c,2021-01-01,,apply_powerbi_diff_2026-04-27.py,2026-04-27T10:56:42,UPDATE,
a02WR00000FcOXvYAN,TX0606-FB03000008A,Activated__c,No,Yes,apply_powerbi_diff_2026-04-27.py,2026-04-27T10:56:42,UPDATE,
a02WR00000FcOXvYAN,TX0606-FB03000008A,Address_Activation_Date__c,2024-09-30,2026-04-17,apply_powerbi_diff_2026-04-27.py,2026-04-27T10:56:42,UPDATE,
a02WR00000FcOXvYAN,TX0606-FB03000008A,Address_De_activation_Date__c,2025-04-12,,apply_powerbi_diff_2026-04-27.py,2026-04-27T10:56:42,UPDATE,
a02WR00000FcOXvYAN,TX0606-FB03000008A,Address_Deactivated__c,Yes,No,apply_powerbi_diff_2026-04-27.py,2026-04-27T10:56:42,UPDATE,
a02WR00000FcOXvYAN,TX0606-FB03000008A,Ordered_Product__c,300 Mbps,Internet Service,apply_powerbi_diff_2026-04-27.py,2026-04-27T10:56:42,UPDATE,
a02WR00000FcPqdYAF,TX0602-002000204A,Activated__c,No,Yes,apply_powerbi_diff_2026-04-27.py,2026-04-27T10:56:42,UPDATE,
a02WR00000FcPqdYAF,TX0602-002000204A,Address_Activation_Date__c,,2026-04-24,apply_powerbi_diff_2026-04-27.py,2026-04-27T10:56:42,UPDATE,
a02WR00000FcPqdYAF,TX0602-002000204A,Ordered_Product__c,,Internet Service,apply_powerbi_diff_2026-04-27.py,2026-04-27T10:56:42,UPDATE,
a02WR00000FcPrVYAV,TX0604-006000012A,Address_Activation_Date__c,2022-04-12,2025-07-05,apply_powerbi_diff_2026-04-27.py,2026-04-27T10:56:42,UPDATE,
a02WR00000FcPwYYAV,TX1101-FB03520052A,Activated__c,No,Yes,apply_powerbi_diff_2026-04-27.py,2026-04-27T10:56:42,UPDATE,
a02WR00000FcPwYYAV,TX1101-FB03520052A,Address_Activation_Date__c,,2026-04-08,apply_powerbi_diff_2026-04-27.py,2026-04-27T10:56:42,UPDATE,
a02WR00000FcPwYYAV,TX1101-FB03520052A,Ordered_Product__c,,Internet Service,apply_powerbi_diff_2026-04-27.py,2026-04-27T10:56:42,UPDATE,
a02WR00000FcPxKYAV,TX1101-FB05090309A,Activated__c,No,Yes,apply_powerbi_diff_2026-04-27.py,2026-04-27T10:56:42,UPDATE,
a02WR00000FcPxKYAV,TX1101-FB05090309A,Address_Activation_Date__c,,2026-04-06,apply_powerbi_diff_2026-04-27.py,2026-04-27T10:56:42,UPDATE,
a02WR00000FcPxKYAV,TX1101-FB05090309A,Ordered_Product__c,,Internet Service,apply_powerbi_diff_2026-04-27.py,2026-04-27T10:56:42,UPDATE,
a02WR00000FcPxiYAF,TX1101-FB03250125A,Activated__c,No,Yes,apply_powerbi_diff_2026-04-27.py,2026-04-27T10:56:42,UPDATE,
a02WR00000FcPxiYAF,TX1101-FB03250125A,Address_Activation_Date__c,,2026-04-16,apply_powerbi_diff_2026-04-27.py,2026-04-27T10:56:42,UPDATE,
a02WR00000FcPxiYAF,TX1101-FB03250125A,Ordered_Product__c,,Internet Service,apply_powerbi_diff_2026-04-27.py,2026-04-27T10:56:42,UPDATE,
a02WR00000FcPyiYAF,TX1101-FB03730073A,Activated__c,Yes,No,apply_powerbi_diff_2026-04-27.py,2026-04-27T10:56:42,UPDATE,
a02WR00000FcPyiYAF,TX1101-FB03730073A,Address_De_activation_Date__c,,2026-04-09,apply_powerbi_diff_2026-04-27.py,2026-04-27T10:56:42,UPDATE,
a02WR00000FcPyiYAF,TX1101-FB03730073A,Address_Deactivated__c,No,Yes,apply_powerbi_diff_2026-04-27.py,2026-04-27T10:56:42,UPDATE,
a02WR00000FcQ2HYAV,TX0604-006000106A,Address_Activation_Date__c,2021-01-01,2025-06-25,apply_powerbi_diff_2026-04-27.py,2026-04-27T10:56:42,UPDATE,
a02WR00000MFCQAYA5,TX1101-020000247A,Activated__c,Yes,No,apply_powerbi_diff_2026-04-27.py,2026-04-27T10:56:42,UPDATE,
a02WR00000MFCQAYA5,TX1101-020000247A,Address_Activation_Date__c,2024-12-31,,apply_powerbi_diff_2026-04-27.py,2026-04-27T10:56:42,UPDATE,
a02WR00000FcLyEYAV,TX1101-017000250A,Activated__c,Yes,No,apply_powerbi_diff_2026-04-27.py,2026-04-27T10:56:42,UPDATE,
a02WR00000FcLyEYAV,TX1101-017000250A,Address_De_activation_Date__c,,2026-04-14,apply_powerbi_diff_2026-04-27.py,2026-04-27T10:56:42,UPDATE,
a02WR00000FcLyEYAV,TX1101-017000250A,Address_Deactivated__c,No,Yes,apply_powerbi_diff_2026-04-27.py,2026-04-27T10:56:42,UPDATE,
a02WR00000MFCU7YAP,TX0809-011000068A,Activated__c,No,Yes,apply_powerbi_diff_2026-04-27.py,2026-04-27T10:56:42,UPDATE,
a02WR00000MFCU7YAP,TX0809-011000068A,Address_Activation_Date__c,,2026-04-06,apply_powerbi_diff_2026-04-27.py,2026-04-27T10:56:42,UPDATE,
a02WR00000MFCU7YAP,TX0809-011000068A,Ordered_Product__c,,Internet Service,apply_powerbi_diff_2026-04-27.py,2026-04-27T10:56:42,UPDATE,
a02WR00000FcM44YAF,TX0604-006000028A,Activated__c,Yes,No,apply_powerbi_diff_2026-04-27.py,2026-04-27T10:56:42,UPDATE,
a02WR00000FcM44YAF,TX0604-006000028A,Address_Activation_Date__c,2021-01-01,,apply_powerbi_diff_2026-04-27.py,2026-04-27T10:56:42,UPDATE,
a02WR00000FcM99YAF,TX0604-006000005A,Activated__c,Yes,No,apply_powerbi_diff_2026-04-27.py,2026-04-27T10:56:42,UPDATE,
a02WR00000FcM99YAF,TX0604-006000005A,Address_Activation_Date__c,2021-04-08,,apply_powerbi_diff_2026-04-27.py,2026-04-27T10:56:42,UPDATE,
a02WR00000JsEO3YAN,TX0609-006002170A,Address_Activation_Date__c,2025-01-01,,apply_powerbi_diff_2026-04-27.py,2026-04-27T10:56:42,UPDATE,
a02WR00000FcMW3YAN,TX0602-002000131A,Activated__c,Yes,No,apply_powerbi_diff_2026-04-27.py,2026-04-27T10:56:42,UPDATE,
a02WR00000FcMW3YAN,TX0602-002000131A,Address_Activation_Date__c,2022-04-15,,apply_powerbi_diff_2026-04-27.py,2026-04-27T10:56:42,UPDATE,
a02WR00000FcMcZYAV,TX0606-014000134A,Address_Activation_Date__c,2021-01-01,2024-09-26,apply_powerbi_diff_2026-04-27.py,2026-04-27T10:56:42,UPDATE,
a02WR00000FcMcaYAF,TX0606-014000269A,Activated__c,Yes,No,apply_powerbi_diff_2026-04-27.py,2026-04-27T10:56:42,UPDATE,
a02WR00000FcMcaYAF,TX0606-014000269A,Address_Activation_Date__c,2024-12-31,,apply_powerbi_diff_2026-04-27.py,2026-04-27T10:56:42,UPDATE,
a02WR00000FcMgwYAF,TX0606-014000138A,Address_Activation_Date__c,2021-08-09,2025-07-05,apply_powerbi_diff_2026-04-27.py,2026-04-27T10:56:42,UPDATE,
a02WR00000FcMijYAF,TX0602-034000214A,Activated__c,Yes,No,apply_powerbi_diff_2026-04-27.py,2026-04-27T10:56:42,UPDATE,
a02WR00000FcMijYAF,TX0602-034000214A,Address_Activation_Date__c,2021-01-01,,apply_powerbi_diff_2026-04-27.py,2026-04-27T10:56:42,UPDATE,
a02WR00000FcN8BYAV,TX0602-034000217A,Activated__c,Yes,No,apply_powerbi_diff_2026-04-27.py,2026-04-27T10:56:42,UPDATE,
a02WR00000FcN8BYAV,TX0602-034000217A,Address_De_activation_Date__c,,2026-04-14,apply_powerbi_diff_2026-04-27.py,2026-04-27T10:56:42,UPDATE,
a02WR00000FcN8BYAV,TX0602-034000217A,Address_Deactivated__c,No,Yes,apply_powerbi_diff_2026-04-27.py,2026-04-27T10:56:42,UPDATE,
a02WR00000JsEO4YAN,TX0607-008000007A,Activated__c,Yes,No,apply_powerbi_diff_2026-04-27.py,2026-04-27T10:56:42,UPDATE,
a02WR00000JsEO4YAN,TX0607-008000007A,Address_De_activation_Date__c,,2026-04-09,apply_powerbi_diff_2026-04-27.py,2026-04-27T10:56:42,UPDATE,
a02WR00000JsEO4YAN,TX0607-008000007A,Address_Deactivated__c,No,Yes,apply_powerbi_diff_2026-04-27.py,2026-04-27T10:56:42,UPDATE,
a02WR00000JsEO5YAN,TX0601-068002084A,Address_Activation_Date__c,2025-01-01,,apply_powerbi_diff_2026-04-27.py,2026-04-27T10:56:42,UPDATE,
a02WR00000FcNRuYAN,TX0603-009000279A,Activated__c,Yes,No,apply_powerbi_diff_2026-04-27.py,2026-04-27T10:56:42,UPDATE,
a02WR00000FcNRuYAN,TX0603-009000279A,Address_Activation_Date__c,2021-01-01,,apply_powerbi_diff_2026-04-27.py,2026-04-27T10:56:42,UPDATE,
a02WR00000FcNSbYAN,TX0603-009000302A,Address_Activation_Date__c,2021-01-01,2025-06-20,apply_powerbi_diff_2026-04-27.py,2026-04-27T10:56:42,UPDATE,
a02WR00000FcNfeYAF,TX0606-014000147A,Address_Activation_Date__c,2021-01-01,2025-07-05,apply_powerbi_diff_2026-04-27.py,2026-04-27T10:56:42,UPDATE,
a02WR00000FcNlBYAV,TX1001-001000223A,Activated__c,No,Yes,apply_powerbi_diff_2026-04-27.py,2026-04-27T10:56:42,UPDATE,
a02WR00000FcNlBYAV,TX1001-001000223A,Address_Activation_Date__c,,2026-04-21,apply_powerbi_diff_2026-04-27.py,2026-04-27T10:56:42,UPDATE,
a02WR00000FcNlBYAV,TX1001-001000223A,Ordered_Product__c,,Business 1 Gig (1000 Mbps),apply_powerbi_diff_2026-04-27.py,2026-04-27T10:56:42,UPDATE,
a02WR00000FcNlBYAV,TX1001-001000223A,Name,660 E FM 2410 RD HARKER HEIGHTS TX 76548,660 W FM 2410 HARKER HEIGHTS TX 76548,apply_powerbi_diff_2026-04-27.py,2026-04-27T10:56:42,UPDATE,
a02WR00000FcNzyYAF,TX0602-033000002A,Activated__c,Yes,No,apply_powerbi_diff_2026-04-27.py,2026-04-27T10:56:42,UPDATE,
a02WR00000FcNzyYAF,TX0602-033000002A,Address_Activation_Date__c,2021-01-01,,apply_powerbi_diff_2026-04-27.py,2026-04-27T10:56:42,UPDATE,
a02WR00000FcO4AYAV,TX1001-006000010A,Unit__c,UNIT 1,UNIT A,apply_powerbi_diff_2026-04-27.py,2026-04-27T10:56:42,UPDATE,
a02WR00000FcO4AYAV,TX1001-006000010A,Name,704 EDWARDS DR UNIT 1 HARKER HEIGHTS TX 76548,704 EDWARDS DR UNIT A HARKER HEIGHTS TX 76548,apply_powerbi_diff_2026-04-27.py,2026-04-27T10:56:42,UPDATE,
a02WR00000FcO4BYAV,TX1001-006000011A,Unit__c,UNIT 2,UNIT B,apply_powerbi_diff_2026-04-27.py,2026-04-27T10:56:42,UPDATE,
a02WR00000FcO4BYAV,TX1001-006000011A,Name,704 EDWARDS DR UNIT 2 HARKER HEIGHTS TX 76548,704 EDWARDS DR UNIT B HARKER HEIGHTS TX 76548,apply_powerbi_diff_2026-04-27.py,2026-04-27T10:56:42,UPDATE,
a02WR00000FcO4DYAV,TX1001-006000006A,Unit__c,UNIT 4,UNIT D,apply_powerbi_diff_2026-04-27.py,2026-04-27T10:56:42,UPDATE,
a02WR00000FcO4DYAV,TX1001-006000006A,Name,704 EDWARDS DR UNIT 4 HARKER HEIGHTS TX 76548,704 EDWARDS DR UNIT D HARKER HEIGHTS TX 76548,apply_powerbi_diff_2026-04-27.py,2026-04-27T10:56:42,UPDATE,
a02WR00000FcO4EYAV,TX1001-006000007A,Unit__c,UNIT 5,UNIT E,apply_powerbi_diff_2026-04-27.py,2026-04-27T10:56:42,UPDATE,
a02WR00000FcO4EYAV,TX1001-006000007A,Name,704 EDWARDS DR UNIT 5 HARKER HEIGHTS TX 76548,704 EDWARDS DR UNIT E HARKER HEIGHTS TX 76548,apply_powerbi_diff_2026-04-27.py,2026-04-27T10:56:42,UPDATE,
a02WR00000FcO4FYAV,TX1001-006000008A,Unit__c,UNIT 6,UNIT F,apply_powerbi_diff_2026-04-27.py,2026-04-27T10:56:42,UPDATE,
a02WR00000FcO4FYAV,TX1001-006000008A,Name,704 EDWARDS DR UNIT 6 HARKER HEIGHTS TX 76548,704 EDWARDS DR UNIT F HARKER HEIGHTS TX 76548,apply_powerbi_diff_2026-04-27.py,2026-04-27T10:56:42,UPDATE,
a02WR00000FcOVuYAN,TX1501-006000241A,Activated__c,No,Yes,apply_powerbi_diff_2026-04-27.py,2026-04-27T10:56:42,UPDATE,
a02WR00000FcOVuYAN,TX1501-006000241A,Address_Activation_Date__c,,2026-04-01,apply_powerbi_diff_2026-04-27.py,2026-04-27T10:56:42,UPDATE,
a02WR00000FcOVuYAN,TX1501-006000241A,Ordered_Product__c,,Internet Service,apply_powerbi_diff_2026-04-27.py,2026-04-27T10:56:42,UPDATE,
a02WR00000FcP6oYAF,TX0604-006000015A,Address_Activation_Date__c,2021-01-01,2025-01-06,apply_powerbi_diff_2026-04-27.py,2026-04-27T10:56:42,UPDATE,
a02WR00000SBQRGYA5,TX0601-069002468A,Address_Activation_Date__c,2025-01-01,,apply_powerbi_diff_2026-04-27.py,2026-04-27T10:56:42,UPDATE,
a01WR00000UGXcrYAH,610 N 10TH ST KILLEEN TX,Import_Delete_Property__c,False,True,apply_powerbi_diff_2026-04-27.py,2026-04-27T10:56:42,FLAG_STALE,Not in PowerBI export as of 4/27/2026. Flagged for review.
a01WR00000UGXj8YAH,660 E FM 2410 RD HARKER HEIGHTS TX,Import_Delete_Property__c,False,True,apply_powerbi_diff_2026-04-27.py,2026-04-27T10:56:42,FLAG_STALE,Not in PowerBI export as of 4/27/2026. Flagged for review.
a02WR00000FcNWLYA3,TX1309-010000127A,Import_Delete_Unit__c,False,True,apply_powerbi_diff_2026-04-27.py,2026-04-27T10:56:42,FLAG_STALE,Not in PowerBI export as of 4/27/2026. Flagged for review.
