Action,SF_Id,Name,Field,Before,After,Parent_Exists,Source,Timestamp
PREVIEW,a0BWR000008Ay382AC,AGR-1390,IronClad_ID__c,,IC-2797,True,2026-06-22-set-killeen-ironclad-ids.py,2026-06-22T09:31:29.504241
PREVIEW,a0BWR000008AyUX2A0,AGR-1368,IronClad_ID__c,,IC-2583,True,2026-06-22-set-killeen-ironclad-ids.py,2026-06-22T09:31:29.504268
PREVIEW,a0BWR000008AyW92AK,AGR-1369,IronClad_ID__c,,IC-2586,True,2026-06-22-set-killeen-ironclad-ids.py,2026-06-22T09:31:29.504281
PREVIEW,a0BWR000008Ayaz2AC,AGR-1372,IronClad_ID__c,,IC-2719,True,2026-06-22-set-killeen-ironclad-ids.py,2026-06-22T09:31:29.504292
PREVIEW,a0BWR000008Aycb2AC,AGR-1373,IronClad_ID__c,,IC-2720,True,2026-06-22-set-killeen-ironclad-ids.py,2026-06-22T09:31:29.504302
PREVIEW,a0BWR000008AyeD2AS,AGR-1374,IronClad_ID__c,,IC-2794,True,2026-06-22-set-killeen-ironclad-ids.py,2026-06-22T09:31:29.504311
PREVIEW,a0BWR000008Ayj32AC,AGR-1377,IronClad_ID__c,,IC-2721,True,2026-06-22-set-killeen-ironclad-ids.py,2026-06-22T09:31:29.504320
PREVIEW,a0BWR000008AymH2AS,AGR-1379,IronClad_ID__c,,IC-2729,True,2026-06-22-set-killeen-ironclad-ids.py,2026-06-22T09:31:29.504329
PREVIEW,a0BWR000008Aynt2AC,AGR-1380,IronClad_ID__c,,IC-2810,True,2026-06-22-set-killeen-ironclad-ids.py,2026-06-22T09:31:29.504338
PREVIEW,a0BWR000008AypV2AS,AGR-1381,IronClad_ID__c,,IC-2722,True,2026-06-22-set-killeen-ironclad-ids.py,2026-06-22T09:31:29.504348
PREVIEW,a0BWR000008Ayr72AC,AGR-1382,IronClad_ID__c,,IC-2723,True,2026-06-22-set-killeen-ironclad-ids.py,2026-06-22T09:31:29.504357
PREVIEW,a0BWR000008Aysj2AC,AGR-1383,IronClad_ID__c,,IC-2611,True,2026-06-22-set-killeen-ironclad-ids.py,2026-06-22T09:31:29.504366
PREVIEW,a0BWR000008AyuL2AS,AGR-1384,IronClad_ID__c,,IC-2676,True,2026-06-22-set-killeen-ironclad-ids.py,2026-06-22T09:31:29.504375
PREVIEW,a0BWR000008Ayvx2AC,AGR-1385,IronClad_ID__c,,IC-2855,True,2026-06-22-set-killeen-ironclad-ids.py,2026-06-22T09:31:29.504383
PREVIEW,a0BWR000008AyxZ2AS,AGR-1386,IronClad_ID__c,,IC-2724,True,2026-06-22-set-killeen-ironclad-ids.py,2026-06-22T09:31:29.504391
PREVIEW,a0BWR000008Az0n2AC,AGR-1388,IronClad_ID__c,,IC-2811,True,2026-06-22-set-killeen-ironclad-ids.py,2026-06-22T09:31:29.504400
