Id,Name,SiteTracker_Record_Id__c,Build_Status__c,Site_Status__c,Activation_Actual__c,Activation_Forecast__c,PAL_Signed_Date__c,MDU_Construction_Start_A__c,MDU_Construction_Complete_A__c,Last_Synced__c,Opportunity__c
a0FWR00000V6zv02AB,P-003503,a2XVT00000008aH2AQ,1. Project - PAL/ROE Signed,Future,,,2023-12-07,,,2026-07-13T11:08:41.000+0000,006WR00000wkDuFYAU
a0FWR00000V70RG2AZ,P-003947,a2XVT00000015Dl2AI,1. Project - PAL/ROE Signed,Future,,,2024-02-05,,,2026-07-13T11:08:41.000+0000,006WR00000wkEZjYAM
a0FWR00000V71wr2AB,P-003613,a2XVT0000000D8X2AU,1. Project - PAL/ROE Signed,Future,,,2023-12-08,,,2026-07-13T11:08:41.000+0000,006WR00000wkEZwYAM
a0FWR00000V73FS2AZ,P-006738,a2XVT000002iWRF2A2,2. Project - Design Phase,Future,,,2026-01-21,,,2026-07-13T11:08:41.000+0000,006WR00000wkEc8YAE
a0FWR00000V76Zv2AJ,P-006296,a2XVT0000018fjl2AA,4. Project - Completed,In Service,2025-11-19,2025-11-19,2025-06-02,2025-10-27,2025-11-10,2026-07-13T11:08:41.000+0000,006WR00000wk1EjYAI
a0FWR00000V76d82AB,P-003388,a2XVT00000005kT2AQ,1. Project - PAL/ROE Signed,Future,,,2023-11-01,,,2026-07-13T11:08:41.000+0000,006WR00000wkEaeYAE
a0FWR00000V77J42AJ,P-002258,a2X4x000002iHw5EAE,4. Project - Completed,In Service,2024-04-18,2024-04-18,2023-07-21,2023-11-01,2024-08-31,2026-07-13T11:08:41.000+0000,006WR00000wkEcTYAU
a0FWR00000V77J52AJ,P-003377,a2XVT000000051J2AQ,1. Project - PAL/ROE Signed,Future,,,2023-11-07,,,2026-07-13T11:08:41.000+0000,006WR00000wkEatYAE
a0FWR00000V79Pi2AJ,P-005791,a2XVT000000PmSu2AK,4. Project - Completed,In Service,2025-03-19,2025-03-19,,2025-02-26,2025-02-26,2026-07-13T11:08:41.000+0000,006WR00000xwGIXYA2
a0FWR00000V7AC82AN,P-006320,a2XVT000001AwF32AK,1. Project - PAL/ROE Signed,Future,,2026-04-30,,,,2026-07-13T11:08:41.000+0000,006WR00000xvwoUYAQ
a0FWR00000V7AiP2AV,P-003369,a2XVT00000004oP2AQ,1. Project - PAL/ROE Signed,Future,,,2023-11-07,,,2026-07-13T11:08:41.000+0000,006WR00000wkDuPYAU
a0FWR00000V7AiQ2AV,P-003509,a2XVT00000008nB2AQ,4. Project - Completed,In Service,2025-04-22,2025-04-22,2023-12-08,2024-06-17,2025-04-10,2026-07-13T11:08:41.000+0000,006WR00000wk1EIYAY
a0FWR00000V7B3N2AV,P-006102,a2XVT000000lZf32AE,1. Project - PAL/ROE Signed,Future,,,2025-03-12,,,2026-07-13T11:08:41.000+0000,006WR00000wkDu3YAE
a0FWR00000V7BRW2A3,P-004887,a2XVT0000006dhp2AA,4. Project - Completed,In Service,2025-07-11,2025-07-18,2024-05-29,2025-03-11,2025-05-16,2026-07-13T11:08:41.000+0000,006WR00000wk1ETYAY
a0FWR00000V7BT82AN,P-003604,a2XVT0000000CxF2AU,1. Project - PAL/ROE Signed,Future,,,2023-12-08,,,2026-07-13T11:08:41.000+0000,006WR00000wkDuJYAU
a0FWR00000V7BXy2AN,P-006244,a2XVT0000013jw52AA,1. Project - PAL/ROE Signed,Future,,,2025-05-16,,,2026-07-13T11:08:41.000+0000,006WR00000wkDuYYAU
a0FWR00000V7DgG2AV,P-006249,a2XVT0000014FMT2A2,1. Project - PAL/ROE Signed,Future,,,2025-05-16,,,2026-07-13T11:08:41.000+0000,006WR00000wkDueYAE
a0FWR00000V7EPO2A3,P-003376,a2XVT00000004zh2AA,1. Project - PAL/ROE Signed,Future,,,2023-11-07,,,2026-07-13T11:08:41.000+0000,006WR00000wkEZtYAM
a0FWR00000V7ExG2AV,P-003936,a2XVT00000014Xp2AI,1. Project - PAL/ROE Signed,Future,,,2024-02-05,,,2026-07-13T11:08:41.000+0000,006WR00000wkEaKYAU
a0FWR00000V7FV92AN,P-006291,a2XVT0000018f5R2AQ,1. Project - PAL/ROE Signed,Future,,,2025-06-02,,,2026-07-13T11:08:41.000+0000,006WR00000wkDv8YAE
a0FWR00000V7Fjf2AF,P-004488,a2XVT0000004IET2A2,4. Project - Completed,In Service,2023-01-01,2023-01-01,2024-07-02,,,2026-07-13T11:08:41.000+0000,006WR00000wkEcfYAE
a0FWR00000V7G6F2AV,P-003343,a2XVT00000004GX2AY,1. Project - PAL/ROE Signed,Future,,,2023-11-01,,,2026-07-13T11:08:41.000+0000,006WR00000wkEaZYAU
a0FWR00000V7H3u2AF,P-003378,a2XVT000000052v2AA,1. Project - PAL/ROE Signed,Future,,,2023-11-07,,,2026-07-13T11:08:41.000+0000,006WR00000wkEZvYAM
a0FWR00000V7H3v2AF,P-006304,a2XVT0000018hIX2AY,1. Project - PAL/ROE Signed,Future,,,2025-06-02,,,2026-07-13T11:08:41.000+0000,006WR00000wkEZkYAM
a0FWR00000V7HIQ2A3,P-004889,a2XVT0000006doH2AQ,4. Project - Completed,In Service,2025-06-17,2025-06-30,2024-05-29,2025-03-11,2025-04-26,2026-07-13T11:08:41.000+0000,006WR00000wk1EPYAY
a0FWR00000V7HYY2A3,P-005408,a2XVT000000Ahzl2AC,4. Project - Completed,In Service,2025-01-23,2025-01-23,,2024-10-24,2025-01-14,2026-07-13T11:08:41.000+0000,006WR00000xvxiwYAA
a0FWR00000V7Hgc2AF,P-003988,a2XVT0000001L2P2AU,1. Project - PAL/ROE Signed,Future,,,2024-02-05,,,2026-07-13T11:08:41.000+0000,006WR00000wkEZhYAM
a0FWR00000V7I822AF,P-005802,a2XVT000000TIUb2AO,1. Project - PAL/ROE Signed,Future,,2026-04-01,2025-01-21,,,2026-07-13T11:08:41.000+0000,006WR00000wkEbYYAU
a0FWR00000V7IPm2AN,P-001611,a2X4x000003CnT7EAK,4. Project - Completed,In Service,2025-12-22,2025-12-22,2025-06-26,2025-11-10,2025-12-19,2026-07-13T11:08:41.000+0000,006WR00000wk1EmYAI
a0FWR00000V7IPn2AN,P-004627,a2XVT0000004wdJ2AQ,4. Project - Completed,In Service,2024-08-09,2024-08-09,2024-04-27,2024-07-15,2024-08-07,2026-07-13T11:08:41.000+0000,006WR00000wkEcjYAE
a0FWR00000V7IWE2A3,P-006777,a2XVT000002zAu92AE,4. Project - Completed,In Service,2026-05-29,2026-05-29,,2026-05-06,2026-05-21,2026-07-13T11:08:41.000+0000,006WR00000xv6y2YAA
a0FWR00000V7IrC2AV,P-003335,a2XVT000000043d2AA,1. Project - PAL/ROE Signed,Future,,2026-05-30,2023-11-01,,,2026-07-13T11:08:41.000+0000,006WR00000wkEbJYAU
a0FWR00000V7JnG2AV,P-006010,a2XVT000000gHKb2AM,4. Project - Completed,In Service,2025-06-30,2025-06-30,,2025-06-02,2025-06-30,2026-07-13T11:08:41.000+0000,006WR00000xw7SBYAY
a0FWR00000V7Jos2AF,P-003277,a2X4x000002iwAnEAI,4. Project - Completed,In Service,2024-08-21,2024-08-21,2023-11-01,2024-04-02,2024-08-20,2026-07-13T11:08:41.000+0000,006WR00000wkEcSYAU
a0FWR00000V7Jww2AF,P-005992,a2XVT000000d8Ab2AI,1. Project - PAL/ROE Signed,Future,,,2025-03-04,,,2026-07-13T11:08:41.000+0000,006WR00000wkEbZYAU
a0FWR00000V7KOM2A3,P-006345,a2XVT000001DYbB2AW,1. Project - PAL/ROE Signed,Future,,,2025-06-18,,,2026-07-13T11:08:41.000+0000,006WR00000wkEc0YAE
a0FWR00000V7KY22AN,P-003208,a2X4x000002iveTEAQ,4. Project - Completed,In Service,2024-05-08,2024-05-01,2023-10-19,2024-03-11,2024-04-10,2026-07-13T11:08:41.000+0000,006WR00000wkEckYAE
a0FWR00000V7KY32AN,P-004589,a2XVT0000004Z2P2AU,4. Project - Completed,In Service,2025-04-22,2025-04-23,2024-04-19,2024-09-06,2025-04-22,2026-07-13T11:08:41.000+0000,006WR00000wk1EJYAY
a0FWR00000V7Khi2AF,P-003808,a2XVT0000000XYf2AM,4. Project - Completed,In Service,2025-04-30,2025-04-25,2024-01-25,2024-09-12,2025-04-21,2026-07-13T11:08:41.000+0000,006WR00000wk1EKYAY
a0FWR00000V7LPG2A3,P-005703,a2XVT000000JLf32AG,4. Project - Completed,In Service,2025-07-14,2025-07-14,2024-11-13,2025-03-10,2025-07-14,2026-07-13T11:08:41.000+0000,006WR00000wkEcUYAU
a0FWR00000V7LVi2AN,P-006251,a2XVT0000014F0k2AE,1. Project - PAL/ROE Signed,Future,,,2025-05-16,,,2026-07-13T11:08:41.000+0000,006WR00000wkDuiYAE
a0FWR00000V7LkE2AV,P-006174,a2XVT000000xB5t2AE,1. Project - PAL/ROE Signed,Future,,,2025-04-24,,,2026-07-13T11:08:41.000+0000,006WR00000wkEbjYAE
a0FWR00000V7Md42AF,P-003398,a2XVT00000006Gj2AI,4. Project - Completed,In Service,2024-08-01,2024-08-16,2023-11-20,2024-06-24,2024-07-26,2026-07-13T11:08:41.000+0000,006WR00000wkEcaYAE
a0FWR00000V7NxK2AV,P-006259,a2XVT0000014hDt2AI,1. Project - PAL/ROE Signed,Future,,,2025-05-20,,,2026-07-13T11:08:41.000+0000,006WR00000wkDutYAE
a0FWR00000V7O5O2AV,P-006245,a2XVT0000013k8z2AA,1. Project - PAL/ROE Signed,Future,,,2025-05-16,,,2026-07-13T11:08:41.000+0000,006WR00000wkDuWYAU
a0FWR00000V7O702AF,P-004260,a2XVT0000003k7x2AA,4. Project - Completed,In Service,2025-01-08,2024-12-31,2024-03-28,2024-08-14,2025-01-13,2026-07-13T11:08:41.000+0000,006WR00000wkEceYAE
a0FWR00000V7Oes2AF,P-003934,a2XVT00000014Sz2AI,1. Project - PAL/ROE Signed,Future,,,2024-02-05,,,2026-07-13T11:08:41.000+0000,006WR00000wkEaIYAU
a0FWR00000V7P7u2AF,P-005701,a2XVT000000IVyD2AW,4. Project - Completed,In Service,2025-10-31,2025-10-31,2024-11-21,2025-08-21,2025-10-29,2026-07-13T11:08:41.000+0000,006WR00000wk1EiYAI
a0FWR00000V7PRG2A3,P-003334,a2XVT00000004212AA,1. Project - PAL/ROE Signed,Future,,,2023-11-01,,,2026-07-13T11:08:41.000+0000,006WR00000wkEaiYAE
a0FWR00000V7PUU2A3,P-003367,a2XVT00000004lB2AQ,1. Project - PAL/ROE Signed,Future,,,2023-11-07,,,2026-07-13T11:08:41.000+0000,006WR00000wkDuTYAU
a0FWR00000V7PUV2A3,P-004238,a2XVT0000002sif2AA,1. Project - PAL/ROE Signed,Future,,,2023-12-17,,,2026-07-13T11:08:41.000+0000,006WR00000wkEa6YAE
a0FWR00000V7PhO2AV,P-006305,a2XVT0000018hNN2AY,1. Project - PAL/ROE Signed,Future,,,2025-06-02,,,2026-07-13T11:08:41.000+0000,006WR00000wkEZlYAM
a0FWR00000V7QQb2AN,P-003993,a2XVT0000001W7V2AU,1. Project - PAL/ROE Signed,Future,,,2024-02-14,,,2026-07-13T11:08:41.000+0000,006WR00000wkDuAYAU
a0FWR00000V7QX02AN,P-003209,a2X4x000002iveiEAA,1. Project - PAL/ROE Signed,Future,,,2023-10-20,,,2026-07-13T11:08:41.000+0000,006WR00000wkDuBYAU
a0FWR00000V7R022AF,P-006292,a2XVT0000018fF72AI,4. Project - Completed,In Service,2025-10-16,2025-10-16,2025-06-02,2025-10-01,2025-10-15,2026-07-13T11:08:41.000+0000,006WR00000wk1ElYAI
a0FWR00000V7RHm2AN,P-005578,a2XVT000000GB172AG,4. Project - Completed,In Service,2025-06-26,2025-06-26,2024-10-10,2025-04-17,2025-06-23,2026-07-13T11:08:41.000+0000,006WR00000wk1ERYAY
a0FWR00000V7RRS2A3,P-006013,a2XVT000000gxWj2AI,4. Project - Completed,In Service,2025-07-22,2025-07-22,2025-02-25,2025-06-25,2025-07-22,2026-07-13T11:08:41.000+0000,006WR00000wk1EXYAY
a0FWR00000V7RXu2AN,P-004718,a2XVT0000005Tvp2AE,1. Project - PAL/ROE Signed,Future,,,2024-05-06,,,2026-07-13T11:08:41.000+0000,006WR00000wkEaMYAU
a0FWR00000V7RXv2AN,P-006331,a2XVT000001CLMf2AO,1. Project - PAL/ROE Signed,Future,,,2025-06-16,,,2026-07-13T11:08:41.000+0000,006WR00000wkEbqYAE
a0FWR00000V7Rxj2AF,P-003935,a2XVT00000014Ub2AI,1. Project - PAL/ROE Signed,Future,,,2024-02-05,,,2026-07-13T11:08:41.000+0000,006WR00000wkDvFYAU
a0FWR00000V7S7O2AV,P-003375,a2XVT00000004y52AA,1. Project - PAL/ROE Signed,Future,,,2023-11-07,,,2026-07-13T11:08:41.000+0000,006WR00000wkEZyYAM
a0FWR00000V7STy2AN,P-006775,a2XVT000002zAMH2A2,4. Project - Completed,In Service,2026-07-01,2026-07-01,,2026-05-06,2026-06-23,2026-07-13T11:08:41.000+0000,006WR00000xwHCzYAM
a0FWR00000V7Sde2AF,P-003350,a2XVT00000004Rp2AI,1. Project - PAL/ROE Signed,Future,,,2023-11-01,,,2026-07-13T11:08:41.000+0000,006WR00000wkEaRYAU
a0FWR00000V7Sli2AF,P-006337,a2XVT000001D6jl2AC,1. Project - PAL/ROE Signed,Cancelled,,2026-06-30,2025-06-18,,,2026-07-13T11:08:41.000+0000,006WR00000wkEb9YAE
a0FWR00000V7SnK2AV,P-003944,a2XVT00000014uP2AQ,1. Project - PAL/ROE Signed,Future,,,2024-02-05,,,2026-07-13T11:08:41.000+0000,006WR00000wkEZfYAM
a0FWR00000V7T3S2AV,P-006315,a2XVT000001AuLJ2A0,1. Project - PAL/ROE Signed,Future,,,2025-06-11,,,2026-07-13T11:08:41.000+0000,006WR00000wkEZpYAM
a0FWR00000V7THx2AN,P-000889,a2X4x000002oAl1EAE,4. Project - Completed,In Service,2023-05-11,2023-05-11,2022-10-31,2023-02-06,2023-04-05,2026-07-13T11:08:41.000+0000,006WR00000wkEcHYAU
a0FWR00000V7TJZ2A3,P-001059,a2X4x000002oCucEAE,4. Project - Completed,In Service,2024-03-07,2024-03-07,2023-08-11,2023-10-02,2024-02-09,2026-07-13T11:08:41.000+0000,006WR00000wkEcOYAU
a0FWR00000V7TLB2A3,P-001060,a2X4x000002oCuhEAE,1. Project - PAL/ROE Signed,Cancelled,,,2023-10-03,,,2026-07-13T11:08:41.000+0000,006WR00000wkDu0YAE
a0FWR00000V7TMn2AN,P-001613,a2X4x000003CnTCEA0,4. Project - Completed,In Service,2023-11-17,2023-11-17,2023-05-12,2023-08-07,2023-11-17,2026-07-13T11:08:41.000+0000,006WR00000wkEcpYAE
a0FWR00000V7TOP2A3,P-002526,a2X4x000003CpmlEAC,4. Project - Completed,In Service,2024-09-30,2024-09-30,2023-08-11,2023-10-11,2024-03-06,2026-07-13T11:08:41.000+0000,006WR00000wkEcNYAU
a0FWR00000V7TQ12AN,P-002754,a2X4x000003CrnWEAS,1. Project - PAL/ROE Signed,Cancelled,,,2023-10-03,,,2026-07-13T11:08:41.000+0000,006WR00000wkDu2YAE
a0FWR00000V7TRd2AN,P-002755,a2X4x000003CrnbEAC,1. Project - PAL/ROE Signed,Cancelled,,,2023-10-03,,,2026-07-13T11:08:41.000+0000,006WR00000wkDu1YAE
a0FWR00000V7TRe2AN,P-003607,a2XVT0000000D0T2AU,1. Project - PAL/ROE Signed,Future,,,2023-12-08,,,2026-07-13T11:08:41.000+0000,006WR00000wkEa1YAE
a0FWR00000V7TTF2A3,P-002756,a2X4x000003CrngEAC,4. Project - Completed,In Service,2024-06-21,2024-06-21,2023-10-03,2024-03-21,2024-06-06,2026-07-13T11:08:41.000+0000,006WR00000wkEcYYAU
a0FWR00000V7TUr2AN,P-003210,a2X4x000002ivesEAA,4. Project - Completed,In Service,2024-11-04,2024-11-04,2023-10-20,2024-02-26,2024-04-19,2026-07-13T11:08:41.000+0000,006WR00000wkEcWYAU
a0FWR00000V7TWT2A3,P-003272,a2X4x000002iw61EAA,4. Project - Completed,In Service,2024-05-31,2024-06-07,2023-11-07,2024-04-08,2024-05-07,2026-07-13T11:08:41.000+0000,006WR00000wkEclYAE
a0FWR00000V7TY52AN,P-003281,a2XVT00000000b72AA,1. Project - PAL/ROE Signed,Future,,2026-04-30,2023-11-01,,,2026-07-13T11:08:41.000+0000,006WR00000wkEbIYAU
a0FWR00000V7TZh2AN,P-003282,a2XVT00000000cj2AA,1. Project - PAL/ROE Signed,Future,,2026-06-30,2023-11-01,,,2026-07-13T11:08:41.000+0000,006WR00000wkEbMYAU
a0FWR00000V7TZi2AN,P-003612,a2XVT0000000D6v2AE,1. Project - PAL/ROE Signed,Future,,,2023-12-08,,,2026-07-13T11:08:41.000+0000,006WR00000wkDuzYAE
a0FWR00000V7TbJ2AV,P-003330,a2XVT00000003tx2AA,1. Project - PAL/ROE Signed,Future,,,2023-11-01,,,2026-07-13T11:08:41.000+0000,006WR00000wkEakYAE
a0FWR00000V7Tcv2AF,P-003331,a2XVT00000003vZ2AQ,1. Project - PAL/ROE Signed,Future,,,2023-11-01,,,2026-07-13T11:08:41.000+0000,006WR00000wkEahYAE
a0FWR00000V7TeX2AV,P-003332,a2XVT00000003xB2AQ,1. Project - PAL/ROE Signed,Future,,2026-08-30,2023-11-01,,,2026-07-13T11:08:41.000+0000,006WR00000wkEbNYAU
a0FWR00000V7TeY2AV,P-003942,a2XVT00000014nx2AA,4. Project - Completed,In Service,2025-03-31,2025-05-30,2024-02-05,2024-05-28,2024-10-07,2026-07-13T11:08:41.000+0000,006WR00000wk1EWYAY
a0FWR00000V7Tg92AF,P-003333,a2XVT000000040P2AQ,4. Project - Completed,In Service,2025-03-31,2025-03-31,2024-05-09,2024-07-15,2024-10-07,2026-07-13T11:08:41.000+0000,006WR00000wk1EUYAY
a0FWR00000V7Thl2AF,P-003336,a2XVT000000045F2AQ,1. Project - PAL/ROE Signed,Future,,,2023-11-01,,,2026-07-13T11:08:41.000+0000,006WR00000wkEafYAE
a0FWR00000V7Thm2AF,P-003344,a2XVT00000004I92AI,1. Project - PAL/ROE Signed,Future,,,2023-11-01,,,2026-07-13T11:08:41.000+0000,006WR00000wkEamYAE
a0FWR00000V7TjN2AV,P-003337,a2XVT000000046r2AA,1. Project - PAL/ROE Signed,Future,,,2023-11-01,,,2026-07-13T11:08:41.000+0000,006WR00000wkEaSYAU
a0FWR00000V7TjO2AV,P-006168,a2XVT000000x9dZ2AQ,1. Project - PAL/ROE Signed,Future,,,2025-04-24,,,2026-07-13T11:08:41.000+0000,006WR00000wkEbmYAE
a0FWR00000V7Tkz2AF,P-003338,a2XVT000000048T2AQ,1. Project - PAL/ROE Signed,Future,,,2023-11-01,,,2026-07-13T11:08:41.000+0000,006WR00000wkEagYAE
a0FWR00000V7Tmb2AF,P-003339,a2XVT00000004A52AI,1. Project - PAL/ROE Signed,Future,,,2023-11-01,,,2026-07-13T11:08:41.000+0000,006WR00000wkEaQYAU
a0FWR00000V7ToD2AV,P-003340,a2XVT00000004Bh2AI,1. Project - PAL/ROE Signed,Future,,,2023-11-01,,,2026-07-13T11:08:41.000+0000,006WR00000wkEaoYAE
a0FWR00000V7Tpp2AF,P-003341,a2XVT00000004DJ2AY,1. Project - PAL/ROE Signed,Future,,,2023-11-01,,,2026-07-13T11:08:41.000+0000,006WR00000wkEanYAE
a0FWR00000V7Tpq2AF,P-005801,a2XVT000000REjd2AG,4. Project - Completed,In Service,2025-05-23,2025-05-23,,2025-04-21,2025-05-13,2026-07-13T11:08:41.000+0000,006WR00000xuzq7YAA
a0FWR00000V7TrR2AV,P-003342,a2XVT00000004Ev2AI,1. Project - PAL/ROE Signed,Future,,,2023-11-01,,,2026-07-13T11:08:41.000+0000,006WR00000wkEaaYAE
a0FWR00000V7Tt32AF,P-003345,a2XVT00000004Jl2AI,1. Project - PAL/ROE Signed,Future,,,2023-11-01,,,2026-07-13T11:08:41.000+0000,006WR00000wkEaVYAU
a0FWR00000V7Tuf2AF,P-003346,a2XVT00000004LN2AY,1. Project - PAL/ROE Signed,Future,,,2023-11-01,,,2026-07-13T11:08:41.000+0000,006WR00000wkEapYAE
a0FWR00000V7TwH2AV,P-003347,a2XVT00000004Mz2AI,1. Project - PAL/ROE Signed,Future,,,2023-11-01,,,2026-07-13T11:08:41.000+0000,006WR00000wkEaXYAU
a0FWR00000V7TwI2AV,P-006314,a2XVT000001AuI52AK,1. Project - PAL/ROE Signed,Future,,,2025-06-11,,,2026-07-13T11:08:41.000+0000,006WR00000wkEZnYAM
a0FWR00000V7Txt2AF,P-003348,a2XVT00000004Ob2AI,1. Project - PAL/ROE Signed,Future,,2026-07-30,2023-11-01,,,2026-07-13T11:08:41.000+0000,006WR00000wkEbKYAU
a0FWR00000V7TzV2AV,P-003349,a2XVT00000004QD2AY,1. Project - PAL/ROE Signed,Future,,2026-07-30,2023-11-01,,,2026-07-13T11:08:41.000+0000,006WR00000wkEbLYAU
a0FWR00000V7TzW2AV,P-006806,a2XVT0000035dOn2AI,4. Project - Completed,In Service,2026-06-25,2026-06-26,,2026-04-13,2026-06-01,2026-07-13T11:08:41.000+0000,006WR00000xvYz4YAE
a0FWR00000V7U172AF,P-003351,a2XVT00000004V32AI,1. Project - PAL/ROE Signed,Future,,,2023-11-01,,,2026-07-13T11:08:41.000+0000,006WR00000wkEalYAE
a0FWR00000V7U2j2AF,P-003352,a2XVT00000004Wf2AI,1. Project - PAL/ROE Signed,Future,,,2023-11-01,,,2026-07-13T11:08:41.000+0000,006WR00000wkEaTYAU
a0FWR00000V7U4L2AV,P-003353,a2XVT00000004YH2AY,1. Project - PAL/ROE Signed,Future,,,2023-11-01,,,2026-07-13T11:08:41.000+0000,006WR00000wkEajYAE
a0FWR00000V7U5x2AF,P-003360,a2XVT00000004Zt2AI,1. Project - PAL/ROE Signed,Future,,,2023-11-07,,,2026-07-13T11:08:41.000+0000,006WR00000wkDurYAE
a0FWR00000V7U7Z2AV,P-003361,a2XVT00000004bV2AQ,1. Project - PAL/ROE Signed,Future,,,2023-11-07,,,2026-07-13T11:08:41.000+0000,006WR00000wkDulYAE
a0FWR00000V7U9B2AV,P-003362,a2XVT00000004d72AA,1. Project - PAL/ROE Signed,Future,,,2023-11-07,,,2026-07-13T11:08:41.000+0000,006WR00000wkDupYAE
a0FWR00000V7UAn2AN,P-003363,a2XVT00000004ej2AA,1. Project - PAL/ROE Signed,Future,,,2023-11-07,,,2026-07-13T11:08:41.000+0000,006WR00000wkEasYAE
a0FWR00000V7UCP2A3,P-003364,a2XVT00000004gL2AQ,1. Project - PAL/ROE Signed,Future,,,2023-11-07,,,2026-07-13T11:08:41.000+0000,006WR00000wkDujYAE
a0FWR00000V7UE12AN,P-003365,a2XVT00000004hx2AA,1. Project - PAL/ROE Signed,Future,,,2023-11-07,,,2026-07-13T11:08:41.000+0000,006WR00000wkEarYAE
a0FWR00000V7UFd2AN,P-003366,a2XVT00000004jZ2AQ,1. Project - PAL/ROE Signed,Future,,,2023-11-07,,,2026-07-13T11:08:41.000+0000,006WR00000wkDuSYAU
a0FWR00000V7UHF2A3,P-003368,a2XVT00000004mn2AA,1. Project - PAL/ROE Signed,Future,,,2023-11-07,,,2026-07-13T11:08:41.000+0000,006WR00000wkDuRYAU
a0FWR00000V7UIr2AN,P-003370,a2XVT00000004q12AA,1. Project - PAL/ROE Signed,Future,,,2023-11-07,,,2026-07-13T11:08:41.000+0000,006WR00000wkDu6YAE
a0FWR00000V7UKT2A3,P-003371,a2XVT00000004rd2AA,1. Project - PAL/ROE Signed,Future,,,2023-11-07,,,2026-07-13T11:08:41.000+0000,006WR00000wkEaLYAU
a0FWR00000V7UM52AN,P-003372,a2XVT00000004tF2AQ,1. Project - PAL/ROE Signed,Future,,,2023-11-07,,,2026-07-13T11:08:41.000+0000,006WR00000wkEa0YAE
a0FWR00000V7UNh2AN,P-003373,a2XVT00000004ur2AA,1. Project - PAL/ROE Signed,Future,,,2023-11-07,,,2026-07-13T11:08:41.000+0000,006WR00000wkDuNYAU
a0FWR00000V7UPJ2A3,P-003374,a2XVT00000004wT2AQ,1. Project - PAL/ROE Signed,Future,,,2023-11-07,,,2026-07-13T11:08:41.000+0000,006WR00000wkEZzYAM
a0FWR00000V7UQv2AN,P-003379,a2XVT000000054X2AQ,1. Project - PAL/ROE Signed,Future,,,2023-11-07,,,2026-07-13T11:08:41.000+0000,006WR00000wkEaqYAE
a0FWR00000V7USX2A3,P-003380,a2XVT00000005692AA,1. Project - PAL/ROE Signed,Future,,,2023-11-07,,,2026-07-13T11:08:41.000+0000,006WR00000wkDusYAE
a0FWR00000V7UU92AN,P-003381,a2XVT00000005ZB2AY,1. Project - PAL/ROE Signed,Future,,,2023-11-01,,,2026-07-13T11:08:41.000+0000,006WR00000wkEaYYAU
a0FWR00000V7UVl2AN,P-003382,a2XVT00000005an2AA,4. Project - Completed,In Service,2025-03-31,2025-03-31,2023-11-01,2024-07-15,2025-05-30,2026-07-13T11:08:41.000+0000,006WR00000wk1EVYAY
a0FWR00000V7UXN2A3,P-003383,a2XVT00000005cP2AQ,1. Project - PAL/ROE Signed,Future,,,2023-11-01,,,2026-07-13T11:08:41.000+0000,006WR00000wkEaUYAU
a0FWR00000V7UYz2AN,P-003384,a2XVT00000005e12AA,1. Project - PAL/ROE Signed,Future,,,2023-11-01,,,2026-07-13T11:08:41.000+0000,006WR00000wkEaWYAU
a0FWR00000V7Uab2AF,P-003385,a2XVT00000005fd2AA,1. Project - PAL/ROE Signed,Future,,,2023-11-01,,,2026-07-13T11:08:41.000+0000,006WR00000wkEabYAE
a0FWR00000V7UcD2AV,P-003386,a2XVT00000005hF2AQ,1. Project - PAL/ROE Signed,Future,,,2023-11-01,,,2026-07-13T11:08:41.000+0000,006WR00000wkEacYAE
a0FWR00000V7Udp2AF,P-003387,a2XVT00000005ir2AA,1. Project - PAL/ROE Signed,Future,,,2023-11-01,,,2026-07-13T11:08:41.000+0000,006WR00000wkEadYAE
a0FWR00000V7UfR2AV,P-003389,a2XVT00000005m52AA,1. Project - PAL/ROE Signed,Future,,,2023-11-07,,,2026-07-13T11:08:41.000+0000,006WR00000wkDunYAE
a0FWR00000V7UfS2AV,P-006741,a2XVT000002l5kf2AA,4. Project - Completed,In Service,2026-05-28,2026-05-28,,2026-04-08,2026-04-23,2026-07-13T11:08:41.000+0000,006WR00000xvBUcYAM
a0FWR00000V7Uh32AF,P-003390,a2XVT00000005qv2AA,1. Project - PAL/ROE Signed,Future,,,2023-11-07,,,2026-07-13T11:08:41.000+0000,006WR00000wkDuhYAE
a0FWR00000V7Uif2AF,P-003501,a2XVT00000008X32AI,4. Project - Completed,In Service,2024-09-17,2024-09-17,2023-12-07,2024-06-03,2024-09-11,2026-07-13T11:08:41.000+0000,006WR00000wk1EEYAY
a0FWR00000V7UkH2AV,P-003502,a2XVT00000008Yf2AI,1. Project - PAL/ROE Signed,Future,,,2023-12-07,,,2026-07-13T11:08:41.000+0000,006WR00000wkDuvYAE
a0FWR00000V7Ult2AF,P-003505,a2XVT00000008dV2AQ,1. Project - PAL/ROE Signed,Future,,,2023-12-07,,,2026-07-13T11:08:41.000+0000,006WR00000wkDuuYAE
a0FWR00000V7Up72AF,P-003507,a2XVT00000008jx2AA,1. Project - PAL/ROE Signed,Future,,,2023-12-08,,,2026-07-13T11:08:41.000+0000,006WR00000wkDv7YAE
a0FWR00000V7Uqj2AF,P-003508,a2XVT00000008lZ2AQ,4. Project - Completed,In Service,2024-08-22,2024-08-22,2023-12-08,2024-05-20,2024-08-20,2026-07-13T11:08:41.000+0000,006WR00000wkEcZYAU
a0FWR00000V7Uqk2AF,P-003954,a2XVT0000001JdJ2AU,1. Project - PAL/ROE Signed,Future,,,2024-02-05,,,2026-07-13T11:08:41.000+0000,006WR00000wkEZxYAM
a0FWR00000V7UsL2AV,P-003510,a2XVT00000008qP2AQ,1. Project - PAL/ROE Signed,Future,,,2023-12-08,,,2026-07-13T11:08:41.000+0000,006WR00000wkEa9YAE
a0FWR00000V7UsM2AV,P-006483,a2XVT000001y1IP2AY,1. Project - PAL/ROE Signed,Future,,,2025-10-10,,,2026-07-13T11:08:41.000+0000,006WR00000wkEc4YAE
a0FWR00000V7Utx2AF,P-003587,a2XVT0000000CUD2A2,1. Project - PAL/ROE Signed,Future,,,2023-12-08,,,2026-07-13T11:08:41.000+0000,006WR00000wkDuDYAU
a0FWR00000V7UvZ2AV,P-003588,a2XVT0000000CVp2AM,1. Project - PAL/ROE Signed,Future,,,2023-12-08,,,2026-07-13T11:08:41.000+0000,006WR00000wkDv3YAE
a0FWR00000V7UxB2AV,P-003589,a2XVT0000000CXR2A2,1. Project - PAL/ROE Signed,Future,,,2023-12-08,,,2026-07-13T11:08:41.000+0000,006WR00000wkEaBYAU
a0FWR00000V7Uyn2AF,P-003590,a2XVT0000000CZ32AM,1. Project - PAL/ROE Signed,Future,,,2023-12-08,,,2026-07-13T11:08:41.000+0000,006WR00000wkEaDYAU
a0FWR00000V7V0P2AV,P-003591,a2XVT0000000Caf2AE,1. Project - PAL/ROE Signed,Future,,,2023-12-08,,,2026-07-13T11:08:41.000+0000,006WR00000wkDv5YAE
a0FWR00000V7V212AF,P-003592,a2XVT0000000CcH2AU,1. Project - PAL/ROE Signed,Future,,,2023-12-08,,,2026-07-13T11:08:41.000+0000,006WR00000wkDuLYAU
a0FWR00000V7V3d2AF,P-003593,a2XVT0000000Cdt2AE,1. Project - PAL/ROE Signed,Future,,,2023-12-08,,,2026-07-13T11:08:41.000+0000,006WR00000wkDv9YAE
a0FWR00000V7V5F2AV,P-003594,a2XVT0000000CfV2AU,1. Project - PAL/ROE Signed,Future,,,2023-12-08,,,2026-07-13T11:08:41.000+0000,006WR00000wkDvBYAU
a0FWR00000V7V6r2AF,P-003595,a2XVT0000000Ch72AE,1. Project - PAL/ROE Signed,Future,,,2023-12-08,,,2026-07-13T11:08:41.000+0000,006WR00000wkDu9YAE
a0FWR00000V7V6s2AF,P-006192,a2XVT000000zhb72AA,1. Project - PAL/ROE Signed,Future,,,2025-05-02,,,2026-07-13T11:08:41.000+0000,006WR00000wkEbbYAE
a0FWR00000V7V8T2AV,P-003596,a2XVT0000000Cij2AE,1. Project - PAL/ROE Signed,Future,,,2023-12-08,,,2026-07-13T11:08:41.000+0000,006WR00000wkEa2YAE
a0FWR00000V7VA52AN,P-003597,a2XVT0000000CkL2AU,1. Project - PAL/ROE Signed,Future,,,2023-12-08,,,2026-07-13T11:08:41.000+0000,006WR00000wkEaAYAU
a0FWR00000V7VBh2AN,P-003598,a2XVT0000000Clx2AE,1. Project - PAL/ROE Signed,Future,,,2023-12-08,,,2026-07-13T11:08:41.000+0000,006WR00000wkEa7YAE
a0FWR00000V7VDJ2A3,P-003599,a2XVT0000000CnZ2AU,1. Project - PAL/ROE Signed,Future,,,2023-12-08,,,2026-07-13T11:08:41.000+0000,006WR00000wkEaFYAU
a0FWR00000V7VEv2AN,P-003600,a2XVT0000000CpB2AU,1. Project - PAL/ROE Signed,Future,,,2023-12-08,,,2026-07-13T11:08:41.000+0000,006WR00000wkEaGYAU
a0FWR00000V7VGX2A3,P-003601,a2XVT0000000Cqn2AE,1. Project - PAL/ROE Signed,Future,,,2023-12-08,,,2026-07-13T11:08:41.000+0000,006WR00000wkDv1YAE
a0FWR00000V7VI92AN,P-003602,a2XVT0000000CsP2AU,1. Project - PAL/ROE Signed,Future,,,2023-12-08,,,2026-07-13T11:08:41.000+0000,006WR00000wkDuxYAE
a0FWR00000V7VJl2AN,P-003603,a2XVT0000000Cvd2AE,1. Project - PAL/ROE Signed,Future,,,2023-12-08,,,2026-07-13T11:08:41.000+0000,006WR00000wkEa3YAE
a0FWR00000V7VLN2A3,P-003606,a2XVT0000000Cyr2AE,1. Project - PAL/ROE Signed,Future,,,2023-12-08,,,2026-07-13T11:08:41.000+0000,006WR00000wkEaCYAU
a0FWR00000V7VMz2AN,P-003608,a2XVT0000000D252AE,1. Project - PAL/ROE Signed,Future,,,2023-12-08,,,2026-07-13T11:08:41.000+0000,006WR00000wkEa5YAE
a0FWR00000V7VN02AN,P-005423,a2XVT000000BcI52AK,1. Project - PAL/ROE Signed,Cancelled,,,2024-08-07,,,2026-07-13T11:08:41.000+0000,006WR00000wkDuMYAU
a0FWR00000V7VOb2AN,P-003609,a2XVT0000000D3h2AE,1. Project - PAL/ROE Signed,Future,,,2023-12-08,,,2026-07-13T11:08:41.000+0000,006WR00000wkEa8YAE
a0FWR00000V7VQD2A3,P-003611,a2XVT0000000D5J2AU,1. Project - PAL/ROE Signed,Future,,,2023-12-08,,,2026-07-13T11:08:41.000+0000,006WR00000wkEaEYAU
a0FWR00000V7VRp2AN,P-003614,a2XVT0000000DA92AM,1. Project - PAL/ROE Signed,Future,,,2023-12-08,,,2026-07-13T11:08:41.000+0000,006WR00000wkEa4YAE
a0FWR00000V7VTR2A3,P-003807,a2XVT0000000XTp2AM,4. Project - Completed,In Service,2024-11-13,2024-11-15,2024-01-25,2024-07-16,2024-11-01,2026-07-13T11:08:41.000+0000,006WR00000wkEcdYAE
a0FWR00000V7VV32AN,P-003933,a2XVT00000014RN2AY,1. Project - PAL/ROE Signed,Future,,,2024-02-05,,,2026-07-13T11:08:41.000+0000,006WR00000wkDubYAE
a0FWR00000V7VWf2AN,P-003937,a2XVT00000014ZR2AY,1. Project - PAL/ROE Signed,Future,,,2024-02-05,,,2026-07-13T11:08:41.000+0000,006WR00000wkDuVYAU
a0FWR00000V7VYH2A3,P-003939,a2XVT00000014ft2AA,1. Project - PAL/ROE Signed,Future,,,2024-02-05,,,2026-07-13T11:08:41.000+0000,006WR00000wkDufYAE
a0FWR00000V7VZt2AN,P-003943,a2XVT00000014sn2AA,4. Project - Completed,In Service,2025-03-31,2025-03-31,2024-02-05,2024-09-03,2025-08-15,2026-07-13T11:08:41.000+0000,006WR00000wk1EYYAY
a0FWR00000V7VbV2AV,P-003945,a2XVT00000014w12AA,1. Project - PAL/ROE Signed,Future,,,2024-02-05,,,2026-07-13T11:08:41.000+0000,006WR00000wkEaJYAU
a0FWR00000V7Vd72AF,P-003946,a2XVT000000152T2AQ,1. Project - PAL/ROE Signed,Future,,,2024-02-05,,,2026-07-13T11:08:41.000+0000,006WR00000wkDuZYAU
a0FWR00000V7Vej2AF,P-003948,a2XVT00000015Gz2AI,1. Project - PAL/ROE Signed,Future,,,2024-02-05,,,2026-07-13T11:08:41.000+0000,006WR00000wkEaHYAU
a0FWR00000V7VgL2AV,P-003949,a2XVT00000015Ib2AI,1. Project - PAL/ROE Signed,Future,,,2024-02-05,,,2026-07-13T11:08:41.000+0000,006WR00000wkEauYAE
a0FWR00000V7Vhx2AF,P-003950,a2XVT00000015KD2AY,1. Project - PAL/ROE Signed,Future,,,2024-02-05,,,2026-07-13T11:08:41.000+0000,006WR00000wkDuXYAU
a0FWR00000V7VjZ2AV,P-003951,a2XVT00000015NR2AY,1. Project - PAL/ROE Signed,Future,,,2024-02-05,,,2026-07-13T11:08:41.000+0000,006WR00000wkEZdYAM
a0FWR00000V7VlB2AV,P-003952,a2XVT00000015P32AI,1. Project - PAL/ROE Signed,Future,,,2024-02-05,,,2026-07-13T11:08:41.000+0000,006WR00000wkDudYAE
a0FWR00000V7Vmn2AF,P-003953,a2XVT00000015Qf2AI,1. Project - PAL/ROE Signed,Future,,,2024-02-05,,,2026-07-13T11:08:41.000+0000,006WR00000wkEavYAE
a0FWR00000V7VoP2AV,P-003986,a2XVT0000001KzB2AU,1. Project - PAL/ROE Signed,Future,,,2024-02-05,,,2026-07-13T11:08:41.000+0000,006WR00000wkDvDYAU
a0FWR00000V7Vq12AF,P-003987,a2XVT0000001L0n2AE,1. Project - PAL/ROE Signed,Future,,,2024-02-05,,,2026-07-13T11:08:41.000+0000,006WR00000wkDvHYAU
a0FWR00000V7Vrd2AF,P-003989,a2XVT0000001N7R2AU,4. Project - Completed,In Service,2024-12-19,2024-12-19,2024-02-12,2024-09-03,2024-10-09,2026-07-13T11:08:41.000+0000,006WR00000wkEcgYAE
a0FWR00000V7VtF2AV,P-003994,a2XVT0000001WXJ2A2,4. Project - Completed,In Service,2025-05-13,2025-05-09,2024-02-14,2025-01-15,2025-04-22,2026-07-13T11:08:41.000+0000,006WR00000wk1ELYAY
a0FWR00000V7Vur2AF,P-004136,a2XVT0000001mVd2AI,1. Project - PAL/ROE Signed,Future,,,2024-02-21,,,2026-07-13T11:08:41.000+0000,006WR00000wkDu7YAE
a0FWR00000V7VwT2AV,P-004153,a2XVT0000001rzx2AA,4. Project - Completed,In Service,2024-11-13,2024-11-15,2024-02-21,2024-07-09,2024-11-13,2026-07-13T11:08:41.000+0000,006WR00000wkEcbYAE
a0FWR00000V7Vy52AF,P-004231,a2XVT0000002h0r2AA,4. Project - Completed,In Service,2025-01-10,2025-01-10,2024-03-11,2024-11-07,2024-12-23,2026-07-13T11:08:41.000+0000,006WR00000wkEcmYAE
a0FWR00000V7Vzh2AF,P-004256,a2XVT0000003SCf2AM,1. Project - PAL/ROE Signed,Future,,,2024-03-27,,,2026-07-13T11:08:41.000+0000,006WR00000wkDu8YAE
a0FWR00000V7W1J2AV,P-004314,a2XVT0000003zRx2AI,4. Project - Completed,In Service,2024-12-19,2024-12-19,2024-04-09,2024-11-01,2024-12-19,2026-07-13T11:08:41.000+0000,006WR00000wkEcnYAE
a0FWR00000V7W2v2AF,P-004474,a2XVT0000004GcT2AU,4. Project - Completed,In Service,2023-01-01,2023-01-01,2024-06-06,,,2026-07-13T11:08:41.000+0000,006WR00000wkEccYAE
a0FWR00000V7W692AF,P-004481,a2XVT0000004HyL2AU,4. Project - Completed,In Service,2023-01-01,2023-01-01,,,,2026-07-13T11:08:41.000+0000,006WR00000wkDttYAE
a0FWR00000V7W7l2AF,P-004483,a2XVT0000004I3B2AU,4. Project - Completed,In Service,2023-01-01,2023-01-01,2025-10-23,,,2026-07-13T11:08:41.000+0000,006WR00000wk1EhYAI
a0FWR00000V7W7m2AF,P-005422,a2XVT000000BcEr2AK,1. Project - PAL/ROE Signed,Cancelled,,2026-07-30,2024-08-15,,,2026-07-13T11:08:41.000+0000,006WR00000wkDuQYAU
a0FWR00000V7W9N2AV,P-004485,a2XVT0000004I6P2AU,4. Project - Completed,In Service,2023-01-01,2023-01-01,2024-11-14,,,2026-07-13T11:08:41.000+0000,006WR00000wkEchYAE
a0FWR00000V7WCb2AN,P-004487,a2XVT0000004ICr2AM,4. Project - Completed,In Service,2023-01-01,2023-01-01,2024-08-23,,,2026-07-13T11:08:41.000+0000,006WR00000wkEciYAE
a0FWR00000V7WED2A3,P-004626,a2XVT0000004vZB2AY,1. Project - PAL/ROE Signed,Cancelled,,,2024-04-26,,,2026-07-13T11:08:41.000+0000,006WR00000wkEb4YAE
a0FWR00000V7WFp2AN,P-004717,a2XVT0000005TuD2AU,1. Project - PAL/ROE Signed,Future,,,2024-05-06,,,2026-07-13T11:08:41.000+0000,006WR00000wkEaNYAU
a0FWR00000V7WHR2A3,P-004719,a2XVT0000005WiP2AU,4. Project - Completed,In Service,2025-08-12,2025-08-15,2024-05-07,2024-11-25,2025-08-12,2026-07-13T11:08:41.000+0000,006WR00000wk1EZYAY
a0FWR00000V7WHS2A3,P-005814,a2XVT000000V1332AC,4. Project - Completed,In Service,2025-06-30,2025-06-30,2025-01-28,2025-06-02,2025-06-26,2026-07-13T11:08:41.000+0000,006WR00000wkEcJYAU
a0FWR00000V7WJ32AN,P-004782,a2XVT0000006JJJ2A2,1. Project - PAL/ROE Signed,Cancelled,,,2024-05-21,,,2026-07-13T11:08:41.000+0000,006WR00000wkDuCYAU
a0FWR00000V7WJ42AN,P-005645,a2XVT000000IVF32AO,4. Project - Completed,In Service,2025-12-31,2025-12-18,2024-11-21,2025-09-05,2026-02-03,2026-07-13T11:08:41.000+0000,006WR00000wk1EoYAI
a0FWR00000V7WKf2AN,P-004886,a2XVT0000006dWX2AY,4. Project - Completed,In Service,2025-06-17,2025-06-30,2024-05-29,2025-03-11,2025-05-16,2026-07-13T11:08:41.000+0000,006WR00000wk1ENYAY
a0FWR00000V7WMH2A3,P-004888,a2XVT0000006djR2AQ,4. Project - Completed,In Service,2025-06-17,2025-06-30,2024-05-29,2025-03-11,2025-05-16,2026-07-13T11:08:41.000+0000,006WR00000wk1EQYAY
a0FWR00000V7WNt2AN,P-004890,a2XVT0000006dpt2AA,4. Project - Completed,In Service,2025-06-17,2025-06-30,2024-05-29,2025-03-11,2025-05-13,2026-07-13T11:08:41.000+0000,006WR00000wk1EOYAY
a0FWR00000V7WPV2A3,P-004891,a2XVT0000006e4P2AQ,1. Project - PAL/ROE Signed,Future,,,2024-05-29,,,2026-07-13T11:08:41.000+0000,006WR00000wkDu5YAE
a0FWR00000V7WR72AN,P-005178,a2XVT0000008kX72AI,4. Project - Completed,In Service,2025-04-28,2025-04-30,2024-07-03,2024-12-06,2025-05-12,2026-07-13T11:08:41.000+0000,006WR00000wkEcPYAU
a0FWR00000V7WSj2AN,P-005179,a2XVT0000008kwv2AA,4. Project - Completed,In Service,2025-01-31,2025-01-31,2024-06-26,2025-01-03,2025-01-22,2026-07-13T11:08:41.000+0000,006WR00000wkEcoYAE
a0FWR00000V7WUL2A3,P-005180,a2XVT0000008lrN2AQ,4. Project - Completed,In Service,2026-03-03,2026-03-03,,2025-11-05,2026-03-03,2026-07-13T11:08:41.000+0000,006WR00000y3jsTYAQ
a0FWR00000V7WXZ2A3,P-005192,a2XVT0000009Wv72AE,4. Project - Completed,In Service,2025-01-17,2025-01-17,,2024-10-24,2025-01-14,2026-07-13T11:08:41.000+0000,006WR00000xvyiEYAQ
a0FWR00000V7WZB2A3,P-005407,a2XVT000000AhoT2AS,4. Project - Completed,In Service,2025-01-17,2025-01-17,,2024-10-26,2025-01-14,2026-07-13T11:08:41.000+0000,006WR00000y2k2dYAA
a0FWR00000V7Wan2AF,P-005410,a2XVT000000Ai6D2AS,4. Project - Completed,In Service,2025-04-28,2025-04-28,,2025-04-10,2025-04-23,2026-07-13T11:08:41.000+0000,006WR00000wkACEYA2
a0FWR00000V7WcP2AV,P-005411,a2XVT000000AnPF2A0,4. Project - Completed,In Service,2025-04-22,2025-04-22,2024-08-07,2025-03-10,2025-04-02,2026-07-13T11:08:41.000+0000,006WR00000wk1EGYAY
a0FWR00000V7We12AF,P-005420,a2XVT000000BDwP2AW,4. Project - Completed,In Service,2025-01-22,2025-01-22,,2024-10-25,2025-01-14,2026-07-13T11:08:41.000+0000,006WR00000wkACFYA2
a0FWR00000V7Wfd2AF,P-005425,a2XVT000000BiNV2A0,1. Project - PAL/ROE Signed,Cancelled,,,2024-08-07,,,2026-07-13T11:08:41.000+0000,006WR00000wkDuIYAU
a0FWR00000V7WhF2AV,P-005426,a2XVT000000Bidd2AC,1. Project - PAL/ROE Signed,Cancelled,,,2024-08-07,,,2026-07-13T11:08:41.000+0000,006WR00000wkDuGYAU
a0FWR00000V7Wir2AF,P-005427,a2XVT000000Bigr2AC,1. Project - PAL/ROE Signed,Cancelled,,,2024-08-07,,,2026-07-13T11:08:41.000+0000,006WR00000wkDuEYAU
a0FWR00000V7WkT2AV,P-005428,a2XVT000000Bik52AC,1. Project - PAL/ROE Signed,Future,,,2024-08-07,,,2026-07-13T11:08:41.000+0000,006WR00000wkEZqYAM
a0FWR00000V7Wm52AF,P-005429,a2XVT000000Biov2AC,1. Project - PAL/ROE Signed,Future,,,2024-08-07,,,2026-07-13T11:08:41.000+0000,006WR00000wkEZoYAM
a0FWR00000V7Wnh2AF,P-005430,a2XVT000000BiqX2AS,1. Project - PAL/ROE Signed,Cancelled,,,2024-08-07,,,2026-07-13T11:08:41.000+0000,006WR00000wkDuHYAU
a0FWR00000V7WpJ2AV,P-005496,a2XVT000000DBAX2A4,4. Project - Completed,In Service,2025-05-23,2025-05-23,,2025-04-14,2025-05-14,2026-07-13T11:08:41.000+0000,006WR00000wkCkwYAE
a0FWR00000V7Wqv2AF,P-005497,a2XVT000000DBP32AO,4. Project - Completed,In Service,2025-01-29,2025-01-29,,2024-12-03,2025-01-20,2026-07-13T11:08:41.000+0000,006WR00000xuz6uYAA
a0FWR00000V7WsX2AV,P-005498,a2XVT000000DBfB2AW,4. Project - Completed,In Service,2025-01-29,2025-01-29,,2024-12-05,2025-01-20,2026-07-13T11:08:41.000+0000,006WR00000xvFDHYA2
a0FWR00000V7Wvl2AF,P-005524,a2XVT000000DwuD2AS,4. Project - Completed,In Service,2025-09-29,2025-09-30,2024-09-12,2025-02-03,2025-10-09,2026-07-13T11:08:41.000+0000,006WR00000wk1EgYAI
a0FWR00000V7WxN2AV,P-005532,a2XVT000000EAcD2AW,4. Project - Completed,In Service,2025-09-05,2025-08-29,2024-09-16,2025-01-31,2025-10-29,2026-07-13T11:08:41.000+0000,006WR00000wk1EdYAI
a0FWR00000V7Wyz2AF,P-005535,a2XVT000000EWxh2AG,4. Project - Completed,In Service,2025-06-30,2025-06-30,2024-09-12,2025-02-24,2025-04-02,2026-07-13T11:08:41.000+0000,006WR00000wkEcIYAU
a0FWR00000V7X0b2AF,P-005538,a2XVT000000Emft2AC,4. Project - Completed,In Service,2025-06-20,2025-06-20,2024-09-24,2025-04-17,2025-06-20,2026-07-13T11:08:41.000+0000,006WR00000wk1EMYAY
a0FWR00000V7X2D2AV,P-005540,a2XVT000000Erqr2AC,4. Project - Completed,In Service,2025-02-13,2025-02-13,,2024-12-19,2025-01-29,2026-07-13T11:08:41.000+0000,006WR00000xwGSDYA2
a0FWR00000V7X3p2AF,P-005576,a2XVT000000FrIX2A0,4. Project - Completed,In Service,2025-06-30,2025-06-27,2024-10-08,2025-03-12,2025-08-07,2026-07-13T11:08:41.000+0000,006WR00000wk1ESYAY
a0FWR00000V7X5R2AV,P-005581,a2XVT000000GSJh2AO,4. Project - Completed,In Service,2025-08-08,2025-08-13,2024-10-16,2025-05-07,2025-08-08,2026-07-13T11:08:41.000+0000,006WR00000wk1EaYAI
a0FWR00000V7X732AF,P-005606,a2XVT000000I9BJ2A0,4. Project - Completed,In Service,2025-04-22,2025-04-22,2025-01-29,2025-03-31,2025-04-15,2026-07-13T11:08:41.000+0000,006WR00000wk1EHYAY
a0FWR00000V7X8f2AF,P-005610,a2XVT000000IIBN2A4,4. Project - Completed,In Service,2025-12-31,2025-12-31,2025-02-21,2025-06-09,2026-02-03,2026-07-13T11:08:41.000+0000,006WR00000wk1EnYAI
a0FWR00000V7XAH2A3,P-005634,a2XVT000000IV8b2AG,4. Project - Completed,In Service,2025-10-22,2025-10-17,2024-11-21,2025-08-21,2025-10-22,2026-07-13T11:08:41.000+0000,006WR00000wk1EfYAI
a0FWR00000V7XBt2AN,P-005702,a2XVT000000JI7h2AG,4. Project - Completed,In Service,2025-05-23,2025-05-23,,2025-04-08,2025-05-14,2026-07-13T11:08:41.000+0000,006WR00000xuCFqYAM
a0FWR00000V7XDV2A3,P-005736,a2XVT000000KfdJ2AS,4. Project - Completed,In Service,2025-05-23,2025-05-23,,2025-05-07,2025-05-14,2026-07-13T11:08:41.000+0000,006WR00000xtaP4YAI
a0FWR00000V7XF72AN,P-005737,a2XVT000000KgRJ2A0,4. Project - Completed,In Service,2025-03-07,2025-03-07,,2025-01-10,2025-02-12,2026-07-13T11:08:41.000+0000,006WR00000xvkCFYAY
a0FWR00000V7XGj2AN,P-005738,a2XVT000000Kh2P2AS,4. Project - Completed,In Service,2025-03-12,2025-03-12,,2025-01-10,2025-03-04,2026-07-13T11:08:41.000+0000,006WR00000xvsXyYAI
a0FWR00000V7XIL2A3,P-005744,a2XVT000000KvlJ2AS,4. Project - Completed,In Service,2025-08-31,2025-08-29,2025-01-16,2025-05-28,2025-08-30,2026-07-13T11:08:41.000+0000,006WR00000wk1EbYAI
a0FWR00000V7XJx2AN,P-005750,a2XVT000000LeSH2A0,4. Project - Completed,In Service,2025-10-23,2025-10-23,2024-11-22,2025-07-28,2025-10-01,2026-07-13T11:08:41.000+0000,006WR00000wkEcRYAU
a0FWR00000V7XLZ2A3,P-005787,a2XVT000000PX5d2AG,4. Project - Completed,In Service,2025-02-25,2025-02-25,,2025-02-13,2025-02-13,2026-07-13T11:08:41.000+0000,006WR00000y3k29YAA
a0FWR00000V7XNB2A3,P-005788,a2XVT000000PZYr2AO,4. Project - Completed,In Service,2025-03-18,2025-03-18,,2025-02-25,2025-02-27,2026-07-13T11:08:41.000+0000,006WR00000xwFPhYAM
a0FWR00000V7XOn2AN,P-005789,a2XVT000000Pnjt2AC,4. Project - Completed,In Service,2025-03-18,2025-03-18,,2025-02-26,2025-02-26,2026-07-13T11:08:41.000+0000,006WR00000xwFzBYAU
a0FWR00000V7XS12AN,P-005792,a2XVT000000PoJN2A0,4. Project - Completed,In Service,2025-06-30,2025-06-30,,2025-06-24,2025-06-26,2026-07-13T11:08:41.000+0000,006WR00000xvbCAYAY
a0FWR00000V7XTd2AN,P-005793,a2XVT000000PoXt2AK,4. Project - Completed,In Service,2025-03-19,2025-03-19,,2025-02-26,2025-02-26,2026-07-13T11:08:41.000+0000,006WR00000xvE98YAE
a0FWR00000V7XVF2A3,P-005794,a2XVT000000QXUz2AO,4. Project - Completed,In Service,2025-09-30,2025-09-26,2024-12-17,2025-04-02,2025-10-09,2026-07-13T11:08:41.000+0000,006WR00000wk1EeYAI
a0FWR00000V7XdJ2AV,P-005815,a2XVT000000V14f2AC,4. Project - Completed,In Service,2025-09-11,2025-09-11,2025-02-18,2025-08-05,2025-09-06,2026-07-13T11:08:41.000+0000,006WR00000wkEcMYAU
a0FWR00000V7Xi92AF,P-005934,a2XVT000000YHHl2AO,3. Project - Construction Phase,Under Construction,,2026-06-26,2025-01-31,2025-12-01,,2026-07-13T11:08:41.000+0000,006WR00000wkEcGYAU
a0FWR00000V7Xjl2AF,P-006002,a2XVT000000doPx2AI,1. Project - PAL/ROE Signed,Future,,,2025-02-10,,,2026-07-13T11:08:41.000+0000,006WR00000wkEbVYAU
a0FWR00000V7XlN2AV,P-006003,a2XVT000000e7Vp2AI,4. Project - Completed,In Service,2025-11-19,2025-11-19,2025-02-13,2025-07-21,2025-11-19,2026-07-13T11:08:41.000+0000,006WR00000wk1EkYAI
a0FWR00000V7Xmz2AF,P-006004,a2XVT000000e8mr2AA,4. Project - Completed,In Service,2026-06-05,2026-06-05,2025-02-14,2025-07-01,2026-06-05,2026-07-13T11:08:41.000+0000,006WR00000wkEcFYAU
a0FWR00000V7Xob2AF,P-006006,a2XVT000000eNFd2AM,4. Project - Completed,In Service,2025-06-30,2025-06-30,,2025-06-25,2025-06-30,2026-07-13T11:08:41.000+0000,006WR00000y3NdSYAU
a0FWR00000V7XqD2AV,P-006007,a2XVT000000fQo92AE,4. Project - Completed,In Service,2025-05-23,2025-05-23,,2025-05-05,2025-05-06,2026-07-13T11:08:41.000+0000,006WR00000xvEU6YAM
a0FWR00000V7Xrp2AF,P-006011,a2XVT000000gFIo2AM,4. Project - Completed,In Service,2025-05-23,2025-05-23,,2025-05-05,2025-05-06,2026-07-13T11:08:41.000+0000,006WR00000xwGK9YAM
a0FWR00000V7XtR2AV,P-006103,a2XVT000000lljR2AQ,4. Project - Completed,In Service,2025-09-26,2025-09-26,2025-03-13,2025-07-16,2025-09-26,2026-07-13T11:08:41.000+0000,006WR00000wk1EcYAI
a0FWR00000V7Xv32AF,P-006105,a2XVT000000mYVd2AM,1. Project - PAL/ROE Signed,Cancelled,,2026-03-01,2025-03-17,,,2026-07-13T11:08:41.000+0000,006WR00000wkEbWYAU
a0FWR00000V7Xwf2AF,P-006121,a2XVT000000nsfB2AQ,1. Project - PAL/ROE Signed,Future,,,2025-03-10,,,2026-07-13T11:08:41.000+0000,006WR00000wkEawYAE
a0FWR00000V7XyH2AV,P-006131,a2XVT000000pYqr2AE,4. Project - Completed,In Service,2026-07-01,2026-07-01,,2026-04-13,2026-06-29,2026-07-13T11:08:41.000+0000,006WR00000y3J0LYAU
a0FWR00000V7Xzt2AF,P-006134,a2XVT000000qH9d2AE,4. Project - Completed,In Service,2025-06-30,2025-06-30,,2025-06-26,2025-06-30,2026-07-13T11:08:41.000+0000,006WR00000xwFRJYA2
a0FWR00000V7Y1V2AV,P-006135,a2XVT000000qLrZ2AU,1. Project - PAL/ROE Signed,Future,,,2025-03-31,,,2026-07-13T11:08:41.000+0000,006WR00000wkEbnYAE
a0FWR00000V7Y372AF,P-006137,a2XVT000000qQuT2AU,4. Project - Completed,In Service,2025-10-29,2025-10-29,2025-03-31,2025-08-01,2025-10-22,2026-07-13T11:08:41.000+0000,006WR00000wkEcVYAU
a0FWR00000V7Y4j2AF,P-006138,a2XVT000000qRlh2AE,1. Project - PAL/ROE Signed,Future,,,2025-03-31,,,2026-07-13T11:08:41.000+0000,006WR00000wkEaOYAU
a0FWR00000V7Y6L2AV,P-006139,a2XVT000000qhYj2AI,1. Project - PAL/ROE Signed,Future,,,2025-03-31,,,2026-07-13T11:08:41.000+0000,006WR00000wkEaPYAU
a0FWR00000V7Y7x2AF,P-006148,a2XVT000000u6dp2AA,1. Project - PAL/ROE Signed,Future,,2026-04-01,2025-04-10,,,2026-07-13T11:08:41.000+0000,006WR00000wkEbaYAE
a0FWR00000V7YBB2A3,P-006154,a2XVT000000uiCs2AI,4. Project - Completed,Future,2025-12-31,2025-12-31,2025-04-14,,,2026-07-13T11:08:41.000+0000,006WR00000wkEboYAE
a0FWR00000V7YCn2AN,P-006164,a2XVT000000x9AX2AY,1. Project - PAL/ROE Signed,Future,,,2025-04-24,,,2026-07-13T11:08:41.000+0000,006WR00000wkEblYAE
a0FWR00000V7YEP2A3,P-006165,a2XVT000000x9Gz2AI,1. Project - PAL/ROE Signed,Future,,,2025-04-24,,,2026-07-13T11:08:41.000+0000,006WR00000wkEbdYAE
a0FWR00000V7YG12AN,P-006166,a2XVT000000x9NR2AY,1. Project - PAL/ROE Signed,Future,,,2025-04-24,,,2026-07-13T11:08:41.000+0000,006WR00000wkEbkYAE
a0FWR00000V7YG22AN,P-006343,a2XVT000001DY6X2AW,1. Project - PAL/ROE Signed,Future,,,2025-06-18,,,2026-07-13T11:08:41.000+0000,006WR00000wkEbxYAE
a0FWR00000V7YHd2AN,P-006167,a2XVT000000x9VV2AY,1. Project - PAL/ROE Signed,Future,,,2025-04-24,,,2026-07-13T11:08:41.000+0000,006WR00000wkEbeYAE
a0FWR00000V7YJF2A3,P-006169,a2XVT000000x9vJ2AQ,1. Project - PAL/ROE Signed,Future,,,2025-04-24,,,2026-07-13T11:08:41.000+0000,006WR00000wkEbiYAE
a0FWR00000V7YKr2AN,P-006170,a2XVT000000xAMj2AM,1. Project - PAL/ROE Signed,Future,,,2025-04-24,,,2026-07-13T11:08:41.000+0000,006WR00000wkEbfYAE
a0FWR00000V7YMT2A3,P-006171,a2XVT000000xAZd2AM,1. Project - PAL/ROE Signed,Future,,,2025-04-24,,,2026-07-13T11:08:41.000+0000,006WR00000wkEbgYAE
a0FWR00000V7YO52AN,P-006172,a2XVT000000xAjJ2AU,1. Project - PAL/ROE Signed,Future,,,2025-04-24,,,2026-07-13T11:08:41.000+0000,006WR00000wkEbcYAE
a0FWR00000V7YPh2AN,P-006173,a2XVT000000xAo92AE,1. Project - PAL/ROE Signed,Future,,,2025-04-24,,,2026-07-13T11:08:41.000+0000,006WR00000wkEbhYAE
a0FWR00000V7YPi2AN,P-006295,a2XVT0000018fdJ2AQ,1. Project - PAL/ROE Signed,Future,,,2025-06-02,,,2026-07-13T11:08:41.000+0000,006WR00000wkDvIYAU
a0FWR00000V7YRJ2A3,P-006194,a2XVT0000010Ih72AE,4. Project - Completed,In Service,2025-04-04,2025-04-04,2023-10-04,,,2026-07-13T11:08:41.000+0000,006WR00000wkEcXYAU
a0FWR00000V7YSv2AN,P-006195,a2XVT0000010YfS2AU,4. Project - Completed,In Service,2025-09-30,2025-09-30,2024-01-16,,,2026-07-13T11:08:41.000+0000,006WR00000wkEcQYAU
a0FWR00000V7YSw2AN,P-006302,a2XVT0000018h0n2AA,1. Project - PAL/ROE Signed,Future,,,2025-06-02,,,2026-07-13T11:08:41.000+0000,006WR00000wkEZiYAM
a0FWR00000V7YUX2A3,P-006197,a2XVT0000010gGP2AY,1. Project - PAL/ROE Signed,Cancelled,,,2025-03-07,,,2026-07-13T11:08:41.000+0000,006WR00000wkEb5YAE
a0FWR00000V7YW92AN,P-006199,a2XVT0000010gOT2AY,1. Project - PAL/ROE Signed,Future,,,2025-04-03,,,2026-07-13T11:08:41.000+0000,006WR00000wkDu4YAE
a0FWR00000V7YXl2AN,P-006200,a2XVT0000010gQ52AI,1. Project - PAL/ROE Signed,Future,,,2024-06-24,,,2026-07-13T11:08:41.000+0000,006WR00000wkEbCYAU
a0FWR00000V7Yfp2AF,P-006243,a2XVT0000013jKz2AI,1. Project - PAL/ROE Signed,Future,,,2025-05-16,,,2026-07-13T11:08:41.000+0000,006WR00000wkDuaYAE
a0FWR00000V7YhR2AV,P-006246,a2XVT0000013kDp2AI,1. Project - PAL/ROE Signed,Future,,,2025-05-16,,,2026-07-13T11:08:41.000+0000,006WR00000wkDuUYAU
a0FWR00000V7YhS2AV,P-006327,a2XVT000001CJaz2AG,1. Project - PAL/ROE Signed,Future,,,2025-06-16,,,2026-07-13T11:08:41.000+0000,006WR00000wkEbpYAE
a0FWR00000V7Yj32AF,P-006247,a2XVT0000014F372AE,1. Project - PAL/ROE Signed,Future,,,2025-05-16,,,2026-07-13T11:08:41.000+0000,006WR00000wkEaxYAE
a0FWR00000V7Ykf2AF,P-006248,a2XVT0000014F7x2AE,1. Project - PAL/ROE Signed,Future,,,2025-05-16,,,2026-07-13T11:08:41.000+0000,006WR00000wkDucYAE
a0FWR00000V7YmH2AV,P-006250,a2XVT0000014FO52AM,1. Project - PAL/ROE Signed,Future,,,2025-05-16,,,2026-07-13T11:08:41.000+0000,006WR00000wkDugYAE
a0FWR00000V7Ynt2AF,P-006254,a2XVT0000014gmT2AQ,1. Project - PAL/ROE Signed,Future,,,2025-05-20,,,2026-07-13T11:08:41.000+0000,006WR00000wkDukYAE
a0FWR00000V7YpV2AV,P-006255,a2XVT0000014guX2AQ,1. Project - PAL/ROE Signed,Future,,,2025-05-20,,,2026-07-13T11:08:41.000+0000,006WR00000wkDumYAE
a0FWR00000V7Yr72AF,P-006256,a2XVT0000014h0z2AA,1. Project - PAL/ROE Signed,Future,,,2025-05-20,,,2026-07-13T11:08:41.000+0000,006WR00000wkDuoYAE
a0FWR00000V7Ysj2AF,P-006257,a2XVT0000014h5p2AA,1. Project - PAL/ROE Signed,Future,,,2025-05-20,,,2026-07-13T11:08:41.000+0000,006WR00000wkDuqYAE
a0FWR00000V7YuL2AV,P-006258,a2XVT0000014h932AA,1. Project - PAL/ROE Signed,Future,,2026-04-30,2025-05-20,,,2026-07-13T11:08:41.000+0000,006WR00000wkEc9YAE
a0FWR00000V7Yvx2AF,P-006260,a2XVT0000014hLx2AI,1. Project - PAL/ROE Signed,Future,,2026-04-30,2025-05-20,,,2026-07-13T11:08:41.000+0000,006WR00000wkEc6YAE
a0FWR00000V7YxZ2AV,P-006261,a2XVT0000014hPB2AY,1. Project - PAL/ROE Signed,Future,,,2025-05-20,,,2026-07-13T11:08:41.000+0000,006WR00000wkDuwYAE
a0FWR00000V7YzB2AV,P-006262,a2XVT0000014hU12AI,1. Project - PAL/ROE Signed,Future,,,2025-05-20,,,2026-07-13T11:08:41.000+0000,006WR00000wkDuyYAE
a0FWR00000V7Z0n2AF,P-006263,a2XVT0000014vVN2AY,1. Project - PAL/ROE Signed,Future,,,2025-05-20,,,2026-07-13T11:08:41.000+0000,006WR00000wkDv0YAE
a0FWR00000V7Z2P2AV,P-006264,a2XVT0000014viH2AQ,1. Project - PAL/ROE Signed,Future,,,2025-05-20,,,2026-07-13T11:08:41.000+0000,006WR00000wkDv2YAE
a0FWR00000V7Z2Q2AV,P-006403,a2XVT000001TY7N2AW,1. Project - PAL/ROE Signed,Future,,,2025-08-01,,,2026-07-13T11:08:41.000+0000,006WR00000wkEbXYAU
a0FWR00000V7Z412AF,P-006265,a2XVT0000014w6T2AQ,1. Project - PAL/ROE Signed,Future,,2026-08-30,2025-05-20,,,2026-07-13T11:08:41.000+0000,006WR00000wkDv4YAE
a0FWR00000V7Z5d2AF,P-006272,a2XVT0000017DuP2AU,1. Project - PAL/ROE Signed,Cancelled,,,,,,2026-07-13T11:08:41.000+0000,006WR00000wkEbuYAE
a0FWR00000V7Z7F2AV,P-006293,a2XVT0000018fIL2AY,1. Project - PAL/ROE Signed,Future,,,2025-06-02,,,2026-07-13T11:08:41.000+0000,006WR00000wkDvCYAU
a0FWR00000V7Z8r2AF,P-006294,a2XVT0000018fVF2AY,1. Project - PAL/ROE Signed,Future,,,2025-06-02,,,2026-07-13T11:08:41.000+0000,006WR00000wkDv6YAE
a0FWR00000V7ZAT2A3,P-006297,a2XVT0000018fv32AA,1. Project - PAL/ROE Signed,Future,,,2025-06-02,,,2026-07-13T11:08:41.000+0000,006WR00000wkDvEYAU
a0FWR00000V7ZC52AN,P-006298,a2XVT0000018fyH2AQ,1. Project - PAL/ROE Signed,Future,,,2025-06-02,,,2026-07-13T11:08:41.000+0000,006WR00000wkDvAYAU
a0FWR00000V7ZDh2AN,P-006299,a2XVT0000018g4j2AA,1. Project - PAL/ROE Signed,Future,,,2025-06-02,,,2026-07-13T11:08:41.000+0000,006WR00000wkDvGYAU
a0FWR00000V7ZFJ2A3,P-006300,a2XVT0000018gG12AI,1. Project - PAL/ROE Signed,Future,,,2025-06-02,,,2026-07-13T11:08:41.000+0000,006WR00000wkEZeYAM
a0FWR00000V7ZFK2A3,P-006319,a2XVT000001AvpF2AS,1. Project - PAL/ROE Signed,Future,,,2025-06-11,,,2026-07-13T11:08:41.000+0000,006WR00000wkEZuYAM
a0FWR00000V7ZGv2AN,P-006301,a2XVT0000018gXl2AI,1. Project - PAL/ROE Signed,Future,,,2025-06-02,,,2026-07-13T11:08:41.000+0000,006WR00000wkEZgYAM
a0FWR00000V7ZIX2A3,P-006306,a2XVT0000018hSD2AY,1. Project - PAL/ROE Signed,Future,,,2025-06-02,,,2026-07-13T11:08:41.000+0000,006WR00000wkEZmYAM
a0FWR00000V7ZIY2A3,P-006712,a2XVT000002Uxj32AC,4. Project - Completed,In Service,2025-12-31,2025-12-31,,2026-05-18,2026-06-22,2026-07-13T11:08:41.000+0000,006WR00000xwG7FYAU
a0FWR00000V7ZK92AN,P-006311,a2XVT000001A9np2AC,1. Project - PAL/ROE Signed,Future,,,2025-06-09,,,2026-07-13T11:08:41.000+0000,006WR00000wkEayYAE
a0FWR00000V7ZLl2AN,P-006312,a2XVT000001ACP72AO,4. Project - Completed,In Service,2023-01-01,2023-01-01,2025-06-09,,2023-01-01,2026-07-13T11:08:41.000+0000,006WR00000wkEcLYAU
a0FWR00000V7ZNN2A3,P-006317,a2XVT000001Aud32AC,1. Project - PAL/ROE Signed,Future,,,2025-06-11,,,2026-07-13T11:08:41.000+0000,006WR00000wkEZsYAM
a0FWR00000V7ZQb2AN,P-006322,a2XVT000001BDpN2AW,4. Project - Completed,In Service,2025-08-27,2025-08-27,,2025-08-15,2025-08-20,2026-07-13T11:08:41.000+0000,006WR00000xwEztYAE
a0FWR00000V7ZSD2A3,P-006336,a2XVT000001D0Kz2AK,1. Project - PAL/ROE Signed,Future,,,2025-06-18,,,2026-07-13T11:08:41.000+0000,006WR00000wkEazYAE
a0FWR00000V7ZSE2A3,P-006720,a2XVT000002YQq92AG,1. Project - PAL/ROE Signed,Cancelled,,2026-04-30,2026-01-02,,,2026-07-13T11:08:41.000+0000,006WR00000wkEcCYAU
a0FWR00000V7ZTp2AN,P-006338,a2XVT000001D79Z2AS,1. Project - PAL/ROE Signed,Cancelled,,2026-06-30,2025-06-18,,,2026-07-13T11:08:41.000+0000,006WR00000wkEb8YAE
a0FWR00000V7ZVR2A3,P-006339,a2XVT000001D7MT2A0,1. Project - PAL/ROE Signed,Cancelled,,2026-06-30,2025-06-18,,,2026-07-13T11:08:41.000+0000,006WR00000wkEb7YAE
a0FWR00000V7ZX32AN,P-006340,a2XVT000001D7uL2AS,1. Project - PAL/ROE Signed,Cancelled,,2026-06-30,2025-06-18,,,2026-07-13T11:08:41.000+0000,006WR00000wkEbAYAU
a0FWR00000V7ZYf2AN,P-006341,a2XVT000001D8412AC,1. Project - PAL/ROE Signed,Cancelled,,2026-06-30,2025-06-18,,,2026-07-13T11:08:41.000+0000,006WR00000wkEbBYAU
a0FWR00000V7ZaH2AV,P-006342,a2XVT000001DY052AG,1. Project - PAL/ROE Signed,Future,,,2025-06-18,,,2026-07-13T11:08:41.000+0000,006WR00000wkEbyYAE
a0FWR00000V7Zbt2AF,P-006344,a2XVT000001DYRV2A4,1. Project - PAL/ROE Signed,Future,,,2025-06-18,,,2026-07-13T11:08:41.000+0000,006WR00000wkEbzYAE
a0FWR00000V7ZdV2AV,P-006363,a2XVT000001JBYf2AO,1. Project - PAL/ROE Signed,Future,,,2025-07-01,,,2026-07-13T11:08:41.000+0000,006WR00000wkEbrYAE
a0FWR00000V7Zf72AF,P-006364,a2XVT000001JH9R2AW,1. Project - PAL/ROE Signed,Future,,,2025-07-01,,,2026-07-13T11:08:41.000+0000,006WR00000wkEbsYAE
a0FWR00000V7Zgj2AF,P-006391,a2XVT000001Qr6X2AS,1. Project - PAL/ROE Signed,Cancelled,,2026-12-30,2025-07-17,,,2026-07-13T11:08:41.000+0000,006WR00000wkEbtYAE
a0FWR00000V7ZiL2AV,P-006392,a2XVT000001Qrph2AC,1. Project - PAL/ROE Signed,Future,,,2025-08-29,,,2026-07-13T11:08:41.000+0000,006WR00000wkEc3YAE
a0FWR00000V7Zjx2AF,P-006398,a2XVT000001Rns52AC,1. Project - PAL/ROE Signed,Future,,,2025-08-01,,,2026-07-13T11:08:41.000+0000,006WR00000wkEc2YAE
a0FWR00000V7ZlZ2AV,P-006399,a2XVT000001Ro4z2AC,1. Project - PAL/ROE Signed,Future,,,2025-08-04,,,2026-07-13T11:08:41.000+0000,006WR00000wkEc1YAE
a0FWR00000V7ZnB2AV,P-006402,a2XVT000001SjrF2AS,1. Project - PAL/ROE Signed,Future,,,2025-08-01,,,2026-07-13T11:08:41.000+0000,006WR00000wkEbvYAE
a0FWR00000V7Zon2AF,P-006411,a2XVT000001ZVMv2AO,1. Project - PAL/ROE Signed,Future,,,2025-08-13,,,2026-07-13T11:08:41.000+0000,006WR00000wkEbwYAE
a0FWR00000V7ZqP2AV,P-006413,a2XVT000001ZoML2A0,3. Project - Construction Phase,Future,,2026-08-28,2026-03-10,2026-06-29,,2026-07-13T11:08:41.000+0000,006WR00000wkEcEYAU
a0FWR00000V7ZqQ2AV,P-006812,a2XVT000003EBt72AG,4. Project - Completed,In Service,2026-05-29,2026-05-29,,2026-05-06,2026-05-21,2026-07-13T11:08:41.000+0000,006WR00000xwHRVYA2
a0FWR00000V7Zs12AF,P-006417,a2XVT000001ahtt2AA,4. Project - Completed,In Service,2026-07-06,2026-07-10,2023-10-19,2026-06-01,2026-07-02,2026-07-13T11:08:41.000+0000,006WR00000wkEckYAE
a0FWR00000V7Ztd2AF,P-006432,a2XVT000001h4PZ2AY,1. Project - PAL/ROE Signed,Future,,,2025-11-25,,,2026-07-13T11:08:41.000+0000,006WR00000wkEc7YAE
a0FWR00000V7Zwr2AF,P-006494,a2XVT00000240hp2AA,4. Project - Completed,In Service,2026-06-25,2026-06-26,,2026-05-18,2026-06-22,2026-07-13T11:08:41.000+0000,006WR00000y2FzkYAE
a0FWR00000V7ZyT2AV,P-006604,a2XVT000002A7772AC,1. Project - PAL/ROE Signed,Future,,,2025-11-06,,,2026-07-13T11:08:41.000+0000,006WR00000wkEb0YAE
a0FWR00000V7ZyU2AV,P-006814,a2XVT000003EEe52AG,1. Project - PAL/ROE Signed,Future,,,,,,2026-07-13T11:08:41.000+0000,006WR00000wkDtMYAU
a0FWR00000V7a052AB,P-006620,a2XVT000002CfCj2AK,1. Project - PAL/ROE Signed,Future,,,2025-11-12,,,2026-07-13T11:08:41.000+0000,006WR00000wkEb1YAE
a0FWR00000V7a1h2AB,P-006668,a2XVT000002OkVB2A0,4. Project - Completed,In Service,2025-12-31,2025-12-31,,2026-04-13,,2026-07-13T11:08:41.000+0000,006WR00000xvjmRYAQ
a0FWR00000V7a3J2AR,P-006739,a2XVT000002l5Kr2AI,4. Project - Completed,In Service,2026-05-28,2026-05-28,,2026-04-08,2026-04-23,2026-07-13T11:08:41.000+0000,006WR00000xwFCnYAM
a0FWR00000V7a4v2AB,P-006745,a2XVT000002n2XN2AY,4. Project - Completed,In Service,2026-05-28,2026-05-28,,2026-04-27,2026-05-20,2026-07-13T11:08:41.000+0000,006WR00000xvSKBYA2
a0FWR00000V7a6X2AR,P-006748,a2XVT000002oHB02AM,1. Project - PAL/ROE Signed,Future,,,2026-01-28,,,2026-07-13T11:08:41.000+0000,006WR00000wkEcAYAU
a0FWR00000V7a892AB,P-006749,a2XVT000002oYIH2A2,2. Project - Design Phase,Future,,,2026-01-28,,,2026-07-13T11:08:41.000+0000,006WR00000wkEcDYAU
a0FWR00000V7a9l2AB,P-006750,a2XVT000002qRXd2AM,4. Project - Completed,In Service,2026-06-25,2026-06-26,,2026-05-20,2026-06-22,2026-07-13T11:08:41.000+0000,006WR00000xvZ3uYAE
a0FWR00000V7aBN2AZ,P-006752,a2XVT000002rpjB2AQ,4. Project - Completed,In Service,2026-06-25,2026-06-26,,2026-05-20,2026-06-22,2026-07-13T11:08:41.000+0000,006WR00000xw0VXYAY
a0FWR00000V7aCz2AJ,P-006754,a2XVT000002u1bN2AQ,4. Project - Completed,In Service,2026-05-29,2026-05-29,,2026-05-05,2026-05-21,2026-07-13T11:08:41.000+0000,006WR00000xvKb9YAE
a0FWR00000V7aGD2AZ,P-006755,a2XVT000002u1t72AA,3. Project - Construction Phase,Future,,2026-07-17,,,,2026-07-13T11:08:41.000+0000,006WR00000xvW9GYAU
a0FWR00000V7aHp2AJ,P-006759,a2XVT000002uZOY2A2,2. Project - Design Phase,Future,,,2026-02-05,,,2026-07-13T11:08:41.000+0000,006WR00000wkEcBYAU
a0FWR00000V7aJR2AZ,P-006760,a2XVT000002uk2D2AQ,4. Project - Completed,In Service,2026-07-01,2026-07-01,,2026-06-08,2026-06-23,2026-07-13T11:08:41.000+0000,006WR00000xvhSvYAI
a0FWR00000V7aL32AJ,P-006761,a2XVT000002ukWr2AI,1. Project - PAL/ROE Signed,Cancelled,,2026-04-30,,,,2026-07-13T11:08:41.000+0000,006WR00000xwHHpYAM
a0FWR00000V7aMf2AJ,P-006762,a2XVT000002ukev2AA,4. Project - Completed,Future,2026-07-09,2026-07-09,,2026-06-15,2026-07-08,2026-07-13T11:08:41.000+0000,006WR00000xv5LzYAI
a0FWR00000V7aOH2AZ,P-006766,a2XVT000002wLu92AE,4. Project - Completed,In Service,2026-05-28,2026-05-28,,2026-05-05,2026-05-22,2026-07-13T11:08:41.000+0000,006WR00000xvWR0YAM
a0FWR00000V7aPt2AJ,P-006767,a2XVT000002wMTd2AM,4. Project - Completed,In Service,2026-06-25,2026-06-26,,2026-05-21,2026-06-22,2026-07-13T11:08:41.000+0000,006WR00000xv174YAA
a0FWR00000V7aRV2AZ,P-006773,a2XVT000002z9wT2AQ,4. Project - Completed,In Service,2026-06-25,2026-06-26,,2026-05-20,2026-06-22,2026-07-13T11:08:41.000+0000,006WR00000wkA8yYAE
a0FWR00000V7aT72AJ,P-006774,a2XVT000002zA9N2AU,4. Project - Completed,In Service,2026-06-25,2026-06-26,,2026-04-13,2026-06-22,2026-07-13T11:08:41.000+0000,006WR00000xwF7xYAE
a0FWR00000V7aUj2AJ,P-006776,a2XVT000002zAcP2AU,3. Project - Construction Phase,Future,,2026-07-10,,2026-05-06,,2026-07-13T11:08:41.000+0000,006WR00000xwH89YAE
a0FWR00000V7aWL2AZ,P-006778,a2XVT000002zBYT2A2,3. Project - Construction Phase,Future,,2026-07-10,,2026-05-11,,2026-07-13T11:08:41.000+0000,006WR00000xwHJRYA2
a0FWR00000V7aXx2AJ,P-006779,a2XVT000002zBmz2AE,1. Project - PAL/ROE Signed,Future,,,,,,2026-07-13T11:08:41.000+0000,006WR00000xwGnBYAU
a0FWR00000V7aZZ2AZ,P-006788,a2XVT000002zIi12AE,1. Project - PAL/ROE Signed,Future,,,,,,2026-07-13T11:08:41.000+0000,006WR00000xvPe3YAE
a0FWR00000V7abB2AR,P-006791,a2XVT00000322Qb2AI,3. Project - Construction Phase,Future,,2026-08-14,2026-02-17,,,2026-07-13T11:08:41.000+0000,006WR00000wkEbOYAU
a0FWR00000V7acn2AB,P-006796,a2XVT00000344zN2AQ,3. Project - Construction Phase,Future,,2026-07-10,,2026-05-07,,2026-07-13T11:08:41.000+0000,006WR00000xw7NKYAY
a0FWR00000V7aeP2AR,P-006799,a2XVT0000035B4L2AU,4. Project - Completed,In Service,2026-06-25,2026-06-26,,2026-04-13,2026-06-22,2026-07-13T11:08:41.000+0000,006WR00000xwGATYA2
a0FWR00000V7ag12AB,P-006803,a2XVT0000035bEv2AI,4. Project - Completed,In Service,2026-06-25,2026-06-26,,2026-05-01,2026-06-22,2026-07-13T11:08:41.000+0000,006WR00000xvAAMYA2
a0FWR00000V7ahd2AB,P-006808,a2XVT0000036QSj2AM,2. Project - Design Phase,Future,,,2026-03-12,,,2026-07-13T11:08:41.000+0000,006WR00000wkEbQYAU
a0FWR00000V7ajF2AR,P-006809,a2XVT0000038Tfp2AE,3. Project - Construction Phase,Future,,2026-07-09,,2026-06-15,,2026-07-13T11:08:41.000+0000,006WR00000wkAC1YAM
a0FWR00000V7akr2AB,P-006815,a2XVT000003EI1l2AG,4. Project - Completed,In Service,2026-07-01,2026-07-01,,2026-06-01,2026-06-29,2026-07-13T11:08:41.000+0000,006WR00000xwFSvYAM
a0FWR00000VMCIQ2A5,P-005191,a2XVT0000009VML2A2,4. Project - Completed,In Service,2024-06-04,2024-06-04,,,,2026-07-13T11:08:41.000+0000,006WR00000wiNoSYAU
a0FWR00000VMZ0V2AX,P-004727,a2XVT0000005h172AA,2. Project - Design Phase,Future,,,,,,2026-07-13T11:08:41.000+0000,006WR00000wk9UvYAI
a0FWR00000VMaMM2A1,P-004565,a2XVT0000004OyD2AU,2. Project - Design Phase,Future,,,,,,2026-07-13T11:08:41.000+0000,006WR00000wk9UtYAI
a0FWR00000VMaxS2AT,P-006823,a2XVT000003FzCj2AK,2. Project - Design Phase,Future,,,2026-03-13,,,2026-07-13T11:08:41.000+0000,006WR00000wkEbSYAU
a0FWR00000VMdle2AD,P-005369,a2XVT000000AScX2AW,2. Project - Design Phase,Future,,,,,,2026-07-13T11:08:41.000+0000,006WR00000wk9SnYAI
a0FWR00000VMnOP2A1,P-004252,a2XVT0000003N4v2AE,2. Project - Design Phase,Future,,,,,,2026-07-13T11:08:41.000+0000,006WR00000yuOtDYAU
a0FWR00000VMnUr2AL,P-004454,a2XVT0000004DgD2AU,2. Project - Design Phase,Future,,,,,,2026-07-13T11:08:41.000+0000,006WR00000wk9SsYAI
a0FWR00000VMnZi2AL,P-005182,a2XVT0000008xqv2AA,2. Project - Design Phase,Future,,,,,,2026-07-13T11:08:41.000+0000,
a0FWR00000VMnbJ2AT,P-004726,a2XVT0000005gQ12AI,2. Project - Design Phase,Future,,,,,,2026-07-13T11:08:41.000+0000,006WR00000wkA8ZYAU
a0FWR00000VMnkz2AD,P-005541,a2XVT000000Et6H2AS,2. Project - Design Phase,Future,,,,,,2026-07-13T11:08:41.000+0000,006WR00000wkCjnYAE
a0FWR00000VModp2AD,P-006442,a2XVT000001lsyr2AA,4. Project - Completed,In Service,2025-07-31,2025-07-31,,,,2026-07-13T11:08:41.000+0000,006WR00000y3k5NYAQ
a0FWR00000VMolt2AD,P-006818,a2XVT000003FSa92AG,2. Project - Design Phase,Future,,2026-07-24,2026-03-12,,,2026-07-13T11:08:41.000+0000,006WR00000wkEbPYAU
a0FWR00000VMonV2AT,P-006820,a2XVT000003FZTZ2A4,2. Project - Design Phase,Future,,2026-07-24,2026-03-12,,,2026-07-13T11:08:41.000+0000,006WR00000wkEbRYAU
a0FWR00000VMop72AD,P-006824,a2XVT000003FzxV2AS,2. Project - Design Phase,Future,,,2026-03-13,,,2026-07-13T11:08:41.000+0000,006WR00000wkEbTYAU
a0FWR00000VMoqj2AD,P-006826,a2XVT000003G1ZV2A0,2. Project - Design Phase,Future,,,2026-03-13,,,2026-07-13T11:08:41.000+0000,006WR00000wkEbUYAU
a0FWR00000VMosL2AT,P-006829,a2XVT000003JxQr2AK,3. Project - Construction Phase,Future,,2026-07-17,,2026-06-08,,2026-07-13T11:08:41.000+0000,006WR00000xwGwrYAE
a0FWR00000VMotx2AD,P-006831,a2XVT000003JyMv2AK,1. Project - PAL/ROE Signed,Future,,,,,,2026-07-13T11:08:41.000+0000,006WR00000xvFEsYAM
a0FWR00000VMovZ2AT,P-006833,a2XVT000003JzIz2AK,4. Project - Completed,Future,2026-07-09,2026-07-09,,2026-05-06,2026-07-08,2026-07-13T11:08:41.000+0000,006WR00000xvmSZYAY
a0FWR00000VfNmn2AF,P-006834,a2XVT000003Lvny2AC,4. Project - Completed,In Service,2026-07-08,2026-06-26,,2026-06-10,2026-07-06,2026-07-13T11:08:41.000+0000,006WR00000wkBToYAM
a0FWR00000VpVhU2AV,P-006844,a2XVT000003NYLp2AO,4. Project - Completed,In Service,2024-06-03,2024-06-03,,,,2026-07-13T11:08:41.000+0000,006WR00000y2DuoYAE
a0FWR00000Vpe3B2AR,P-006836,a2XVT000003NNS12AO,4. Project - Completed,In Service,2024-06-03,2024-06-03,,,,2026-07-13T11:08:41.000+0000,006WR00000wkClNYAU
a0FWR00000Vpe4n2AB,P-006837,a2XVT000003NCwP2AW,3. Project - Construction Phase,Future,,2026-07-30,,2026-06-23,,2026-07-13T11:08:41.000+0000,006WR00000wkBTuYAM
a0FWR00000Vpe4o2AB,P-006843,a2XVT000003NYKD2A4,4. Project - Completed,In Service,2024-06-03,2024-06-03,,,,2026-07-13T11:08:41.000+0000,006WR00000wkClkYAE
a0FWR00000Vpe6P2AR,P-006842,a2XVT000003NYC92AO,4. Project - Completed,In Service,2024-06-03,2024-06-03,,,,2026-07-13T11:08:41.000+0000,006WR00000wkCllYAE
a0FWR00000Vpe9d2AB,P-006845,a2XVT000003NYNR2A4,4. Project - Completed,In Service,2024-06-03,2024-06-03,,,,2026-07-13T11:08:41.000+0000,006WR00000y3iV0YAI
a0FWR00000VpeBF2AZ,P-006846,a2XVT000003NYTt2AO,4. Project - Completed,In Service,2024-06-03,2024-06-03,,,,2026-07-13T11:08:41.000+0000,006WR00000wk9YTYAY
a0FWR00000VpeCr2AJ,P-006847,a2XVT000003NYYj2AO,4. Project - Completed,In Service,2024-06-03,2024-06-03,,,,2026-07-13T11:08:41.000+0000,006WR00000y24mZYAQ
a0FWR00000W5dkf2AB,P-001672,a2XVT000003PLQv2AO,1. Project - PAL/ROE Signed,Future,,,2023-09-25,,,2026-07-13T11:08:41.000+0000,006WR00000wkDuOYAU
a0FWR00000WAOGL2A5,P-006203,a2XVT0000010gjR2AQ,1. Project - PAL/ROE Signed,Future,,,2024-12-04,,,2026-07-13T11:08:41.000+0000,006WR00000wkDuKYAU
a0FWR00000WAOHx2AP,P-006859,a2XVT000003PksL2AS,3. Project - Construction Phase,Future,,2026-07-17,2026-03-27,2026-06-04,,2026-07-13T11:08:41.000+0000,006WR00000wkDtzYAE
a0FWR00000WAOJZ2A5,P-006861,a2XVT000003Plej2AC,3. Project - Construction Phase,Future,,2026-07-17,2026-03-27,2026-06-15,,2026-07-13T11:08:41.000+0000,006WR00000wk9RuYAI
a0FWR00000WAOLB2A5,P-006862,a2XVT000003PmKf2AK,3. Project - Construction Phase,Future,,2026-07-31,2026-03-27,,,2026-07-13T11:08:41.000+0000,006WR00000wk9RtYAI
a0FWR00000WXIer2AH,P-006872,a2XVT000003SSKb2AO,3. Project - Construction Phase,Future,,2026-07-30,,2026-06-23,,2026-07-13T11:08:41.000+0000,006WR00000wkBTuYAM
a0FWR00000WXIgT2AX,P-006874,a2XVT000003SUJB2A4,4. Project - Completed,In Service,2026-07-08,2026-06-26,,2026-06-10,2026-07-06,2026-07-13T11:08:41.000+0000,006WR00000wkBToYAM
a0FWR00000WbwH72AJ,P-006876,a2XVT000003SfHp2AK,4. Project - Completed,In Service,2026-06-25,2026-06-26,,2026-05-18,2026-06-22,2026-07-13T11:08:41.000+0000,006WR00000y2FzkYAE
a0FWR00000XGS0Y2AX,P-006375,a2XVT000001LkiP2AS,1. Project - PAL/ROE Signed,In Service,,,,,,2026-07-13T11:08:41.000+0000,006WR00000wk1EKYAY
a0FWR00000XGbWs2AL,P-001021,a2X4x000002oCCpEAM,1. Project - PAL/ROE Signed,Future,,,,,,2026-07-13T11:08:41.000+0000,006WR00000wkAk9YAE
a0FWR00000XGj9S2AT,P-001802,a2X4x000002iF1vEAE,1. Project - PAL/ROE Signed,Future,,,,,,2026-07-13T11:08:41.000+0000,006WR00000wjKFoYAM
a0FWR00000XGpQA2A1,P-001818,a2X4x000002iF2UEAU,1. Project - PAL/ROE Signed,Future,,,,,,2026-07-13T11:08:41.000+0000,006WR00000wkBojYAE
a0FWR00000XGxZ02AL,P-001607,a2X4x000003CnSnEAK,1. Project - PAL/ROE Signed,Future,,,,,,2026-07-13T11:08:41.000+0000,006WR00000wkAVPYA2
a0FWR00000XH7gP2AT,P-000967,a2X4x000002oBbYEAU,1. Project - PAL/ROE Signed,Future,,,,,,2026-07-13T11:08:41.000+0000,006WR00000wkACGYA2
a0FWR00000XH7i12AD,P-000978,a2X4x000002oC2fEAE,1. Project - PAL/ROE Signed,In Service,,,,,,2026-07-13T11:08:41.000+0000,
a0FWR00000XH7jd2AD,P-001019,a2X4x000002oCCfEAM,1. Project - PAL/ROE Signed,Future,,,,,,2026-07-13T11:08:41.000+0000,006WR00000wk9TBYAY
a0FWR00000XH7lF2AT,P-001020,a2X4x000002oCCkEAM,1. Project - PAL/ROE Signed,Future,,,,,,2026-07-13T11:08:41.000+0000,006WR00000wk9TCYAY
a0FWR00000XH7mr2AD,P-001089,a2X4x000002oDlrEAE,1. Project - PAL/ROE Signed,Future,,,,,,2026-07-13T11:08:41.000+0000,006WR00000wkAjtYAE
a0FWR00000XH7oT2AT,P-001113,a2X4x000002oEbTEAU,1. Project - PAL/ROE Signed,Future,,,,,,2026-07-13T11:08:41.000+0000,006WR00000wkAkHYAU
a0FWR00000XH7q52AD,P-001608,a2X4x000003CnSsEAK,1. Project - PAL/ROE Signed,Future,,,,,,2026-07-13T11:08:41.000+0000,006WR00000wk9TGYAY
a0FWR00000XH7rh2AD,P-001610,a2X4x000003CnT2EAK,1. Project - PAL/ROE Signed,Future,,,,,,2026-07-13T11:08:41.000+0000,006WR00000wkDLxYAM
a0FWR00000XH7tJ2AT,P-001612,a2X4x000003CnSyEAK,1. Project - PAL/ROE Signed,Future,,,,,,2026-07-13T11:08:41.000+0000,006WR00000wkDM2YAM
a0FWR00000XH7uv2AD,P-002041,a2X4x000002iFyYEAU,1. Project - PAL/ROE Signed,Future,,,,,,2026-07-13T11:08:41.000+0000,006WR00000wkCm3YAE
a0FWR00000XH7wX2AT,P-002501,a2XVT000000021p2AA,1. Project - PAL/ROE Signed,Future,,,,,,2026-07-13T11:08:41.000+0000,
a0FWR00000XH7y92AD,P-002801,a2X4x000003CsL9EAK,1. Project - PAL/ROE Signed,Future,,,,,,2026-07-13T11:08:41.000+0000,006WR00000wkAs5YAE
a0FWR00000XH7zl2AD,P-003273,a2X4x000002iw66EAA,1. Project - PAL/ROE Signed,Future,,,,,,2026-07-13T11:08:41.000+0000,006WR00000wkArMYAU
a0FWR00000XH81N2AT,P-003274,a2X4x000002iw6BEAQ,1. Project - PAL/ROE Signed,Future,,,,,,2026-07-13T11:08:41.000+0000,006WR00000wkArKYAU
a0FWR00000XH84b2AD,P-003329,a2XVT00000002pp2AA,1. Project - PAL/ROE Signed,,,,,,,2026-07-13T11:08:41.000+0000,
a0FWR00000XH8cT2AT,P-003643,a2XVT0000000GHh2AM,1. Project - PAL/ROE Signed,,,2024-03-22,,,,2026-07-13T11:08:41.000+0000,
a0FWR00000XH9Th2AL,P-004312,a2XVT0000003yNp2AI,1. Project - PAL/ROE Signed,Under Construction,,,,,,2026-07-13T11:08:41.000+0000,006WR00000wk1EEYAY
a0FWR00000XH9VJ2A1,P-004313,a2XVT0000003zQL2AY,1. Project - PAL/ROE Signed,Under Construction,,,,,,2026-07-13T11:08:41.000+0000,006WR00000wk1EIYAY
a0FWR00000XH9Wv2AL,P-004315,a2XVT0000003zbd2AA,1. Project - PAL/ROE Signed,Under Construction,,,,,,2026-07-13T11:08:41.000+0000,006WR00000wkEcZYAU
a0FWR00000XH9YX2A1,P-004475,a2XVT0000004Gfh2AE,1. Project - PAL/ROE Signed,Future,,,,,,2026-07-13T11:08:41.000+0000,006WR00000wkClBYAU
a0FWR00000XH9a92AD,P-004486,a2XVT0000004IBF2A2,1. Project - PAL/ROE Signed,Future,,,,,,2026-07-13T11:08:41.000+0000,006WR00000wkDLtYAM
a0FWR00000XH9bl2AD,P-004490,a2XVT0000004IKv2AM,1. Project - PAL/ROE Signed,Future,,,,,,2026-07-13T11:08:41.000+0000,006WR00000wkDM3YAM
a0FWR00000XH9dN2AT,P-004491,a2XVT0000004IPl2AM,1. Project - PAL/ROE Signed,Future,,,,,,2026-07-13T11:08:41.000+0000,006WR00000wkDM4YAM
a0FWR00000XH9gb2AD,P-005598,a2XVT000000HCHh2AO,1. Project - PAL/ROE Signed,Future,,,,,,2026-07-13T11:08:41.000+0000,006WR00000wkC7XYAU
a0FWR00000XH9iD2AT,P-005894,a2XVT000000XygX2AS,1. Project - PAL/ROE Signed,Future,,,,,,2026-07-13T11:08:41.000+0000,006WR00000wjnmKYAQ
a0FWR00000XH9of2AD,P-006318,a2XVT000001AvR32AK,1. Project - PAL/ROE Signed,Future,,,,,,2026-07-13T11:08:41.000+0000,006WR00000wk9ULYAY
a0FWR00000XH9qH2AT,P-006332,a2XVT000001CZHZ2A4,1. Project - PAL/ROE Signed,In Service,,,,,,2026-07-13T11:08:41.000+0000,006WR00000wk1EUYAY
a0FWR00000XH9rt2AD,P-006333,a2XVT000001CZvt2AG,1. Project - PAL/ROE Signed,In Service,,,,,,2026-07-13T11:08:41.000+0000,006WR00000wkEcgYAE
a0FWR00000XH9tV2AT,P-006373,a2XVT000001KH7N2AW,1. Project - PAL/ROE Signed,In Service,,,,,,2026-07-13T11:08:41.000+0000,006WR00000wk1EUYAY
a0FWR00000XH9tW2AT,P-006395,a2XVT000001RKbZ2AW,1. Project - PAL/ROE Signed,In Service,,,,,,2026-07-13T11:08:41.000+0000,006WR00000wk1EKYAY
a0FWR00000XH9v72AD,P-006376,a2XVT000001Lkor2AC,1. Project - PAL/ROE Signed,In Service,,,,,,2026-07-13T11:08:41.000+0000,006WR00000wkEcbYAE
a0FWR00000XH9wj2AD,P-006377,a2XVT000001LkqT2AS,1. Project - PAL/ROE Signed,In Service,,,,,,2026-07-13T11:08:41.000+0000,006WR00000wkEcdYAE
a0FWR00000XH9yL2AT,P-006384,a2XVT000001M5i12AC,1. Project - PAL/ROE Signed,In Service,,,,,,2026-07-13T11:08:41.000+0000,006WR00000wk1EWYAY
a0FWR00000XH9zx2AD,P-006394,a2XVT000001RK3h2AG,1. Project - PAL/ROE Signed,In Service,,,,,,2026-07-13T11:08:41.000+0000,006WR00000wkEceYAE
a0FWR00000XHA1Z2AX,P-006396,a2XVT000001RKdB2AW,1. Project - PAL/ROE Signed,In Service,,,,,,2026-07-13T11:08:41.000+0000,006WR00000wk1EKYAY
a0FWR00000XHA3B2AX,P-006397,a2XVT000001RUCj2AO,1. Project - PAL/ROE Signed,In Service,,,,,,2026-07-13T11:08:41.000+0000,006WR00000wkEceYAE
a0FWR00000XHA4n2AH,P-006415,a2XVT000001Zul72AC,1. Project - PAL/ROE Signed,In Service,,,,,,2026-07-13T11:08:41.000+0000,006WR00000wkEceYAE
a0FWR00000XHA6P2AX,P-006418,a2XVT000001amAP2AY,1. Project - PAL/ROE Signed,In Service,,,,,,2026-07-13T11:08:41.000+0000,006WR00000wkEcdYAE
a0FWR00000XHA812AH,P-006430,a2XVT000001fNOH2A2,1. Project - PAL/ROE Signed,In Service,,,,,,2026-07-13T11:08:41.000+0000,006WR00000wkEceYAE
a0FWR00000XHA9d2AH,P-006431,a2XVT000001fNWL2A2,1. Project - PAL/ROE Signed,In Service,,,,,,2026-07-13T11:08:41.000+0000,006WR00000wkEcbYAE
a0FWR00000XHABF2A5,P-006440,a2XVT000001lN732AE,1. Project - PAL/ROE Signed,In Service,,,,,,2026-07-13T11:08:41.000+0000,006WR00000wkEcdYAE
a0FWR00000XHACr2AP,P-006441,a2XVT000001lNyH2AU,1. Project - PAL/ROE Signed,In Service,,,,,,2026-07-13T11:08:41.000+0000,006WR00000wk1EKYAY
a0FWR00000XHAET2A5,P-006482,a2XVT000001xZfV2AU,1. Project - PAL/ROE Signed,In Service,,,,,,2026-07-13T11:08:41.000+0000,006WR00000wk1EWYAY
a0FWR00000XHAG52AP,P-006485,a2XVT000001z18H2AQ,1. Project - PAL/ROE Signed,Future,,,,,,2026-07-13T11:08:41.000+0000,006WR00000wkDtnYAE
a0FWR00000XHAHh2AP,P-006486,a2XVT000001z1D92AI,1. Project - PAL/ROE Signed,Future,,,,,,2026-07-13T11:08:41.000+0000,006WR00000wkDtxYAE
a0FWR00000XHAJJ2A5,P-006488,a2XVT000001z1uf2AA,1. Project - PAL/ROE Signed,Future,,,,,,2026-07-13T11:08:41.000+0000,006WR00000yvz12YAA
a0FWR00000XHAMX2A5,P-006877,a2XVT000003WBJa2AO,1. Project - PAL/ROE Signed,Future,,,,,,2026-07-13T11:08:41.000+0000,006WR00000wk1EpYAI
a0FWR00000XHAO92AP,P-006882,a2XVT000003WMN32AO,4. Project - Completed,In Service,1900-01-01,1900-01-01,2024-12-17,2026-05-01,2026-05-20,2026-07-13T11:08:41.000+0000,006WR00000wk1EeYAI
a0FWR00000XHAPl2AP,P-006884,a2XVT000003Xafh2AC,2. Project - Design Phase,Future,,,2026-04-14,,,2026-07-13T11:08:41.000+0000,006WR00000wkCjuYAE
a0FWR00000YiZXx2AN,P-006898,a2XVT000003YB0v2AG,2. Project - Design Phase,Future,,,2026-04-16,,,2026-07-13T11:08:41.000+0000,006WR00000wkDtwYAE
a0FWR00000YiZZZ2A3,P-006899,a2XVT000003YBk52AG,4. Project - Completed,In Service,2026-06-25,2026-06-26,,2026-04-13,2026-06-22,2026-07-13T11:08:41.000+0000,006WR00000xwF7xYAE
a0FWR00000ZioL82AJ,P-006153,a2XVT000000uhez2AA,1. Project - PAL/ROE Signed,Cancelled,,,2025-04-14,,,2026-07-13T11:08:41.000+0000,006WR00000wkEbGYAU
a0FWR00000Zj3Di2AJ,P-004241,a2XVT0000003Esr2AE,1. Project - PAL/ROE Signed,Cancelled,,,,,,2026-07-13T11:08:41.000+0000,006WR00000wkArEYAU
a0FWR00000ZjVec2AF,P-004484,a2XVT0000004I4n2AE,4. Project - Completed,In Service,2023-01-01,2023-01-01,,,,2026-07-13T11:08:41.000+0000,006WR00000wkEcLYAU
a0FWR00000ZjtAf2AJ,P-001043,a2X4x000002oCn7EAE,4. Project - Completed,In Service,2023-01-01,2023-01-01,,,,2026-07-13T11:08:41.000+0000,006WR00000wkEcIYAU
a0FWR00000ZjtH72AJ,P-004316,a2XVT0000003zjh2AA,1. Project - PAL/ROE Signed,Future,,,,,,2026-07-13T11:08:41.000+0000,006WR00000wkDLwYAM
a0FWR00000ZjtIj2AJ,P-004482,a2XVT0000004I1Z2AU,4. Project - Completed,In Service,2023-01-01,2023-01-01,,,,2026-07-13T11:08:41.000+0000,006WR00000wkEcMYAU
a0FWR00000ZjtLx2AJ,P-004705,a2XVT0000005RSb2AM,1. Project - PAL/ROE Signed,Cancelled,,,,,,2026-07-13T11:08:41.000+0000,006WR00000wkDtPYAU
a0FWR00000ZjtNZ2AZ,P-004892,a2XVT0000006f8X2AQ,1. Project - PAL/ROE Signed,Cancelled,,,,,,2026-07-13T11:08:41.000+0000,
a0FWR00000ZjtPB2AZ,P-005533,a2XVT000000EMWv2AO,1. Project - PAL/ROE Signed,Cancelled,,,,,,2026-07-13T11:08:41.000+0000,006WR00000xwFBBYA2
a0FWR00000ZjtQn2AJ,P-005536,a2XVT000000EX7N2AW,4. Project - Completed,In Service,2023-01-01,2023-01-01,,,,2026-07-13T11:08:41.000+0000,006WR00000wkEcJYAU
a0FWR00000ZjtSP2AZ,P-005539,a2XVT000000Erdx2AC,1. Project - PAL/ROE Signed,Cancelled,,,,,,2026-07-13T11:08:41.000+0000,006WR00000y46nRYAQ
a0FWR00000ZjtU12AJ,P-006151,a2XVT000000udcz2AA,1. Project - PAL/ROE Signed,Cancelled,,,2025-04-14,,,2026-07-13T11:08:41.000+0000,006WR00000wkEbHYAU
a0FWR00000ZjtVd2AJ,P-006196,a2XVT0000010g3V2AQ,1. Project - PAL/ROE Signed,Cancelled,,,2024-04-18,,,2026-07-13T11:08:41.000+0000,006WR00000wkEb3YAE
a0FWR00000ZjtXF2AZ,P-006201,a2XVT0000010gTJ2AY,1. Project - PAL/ROE Signed,Cancelled,,,2023-10-04,,,2026-07-13T11:08:41.000+0000,006WR00000wkEbFYAU
a0FWR00000ZjtYr2AJ,P-006202,a2XVT0000010gcz2AA,1. Project - PAL/ROE Signed,Cancelled,,,2023-10-04,,,2026-07-13T11:08:41.000+0000,006WR00000wkEbEYAU
a0FWR00000ZjtaT2AR,P-006216,a2XVT0000011dEr2AI,1. Project - PAL/ROE Signed,Cancelled,,,2024-05-22,,,2026-07-13T11:08:41.000+0000,006WR00000wkEb6YAE
a0FWR00000aToXm2AK,P-006877,,,,,,,,,,006WR00000wk9RyYAI
a0FWR00000bWlWL2A0,P-006906,a2XVT000004xtiv2AA,1. Project - PAL/ROE Signed,Future,,,2024-06-27,,,2026-07-13T11:08:41.000+0000,
a0FWR00000bZKub2AG,P-006838,a2XVT000003NCy12AG,3. Project - Construction Phase,Future,,2026-07-30,,2026-06-11,,2026-07-13T11:08:41.000+0000,
a0FWR00000c40GU2AY,P-006906,,,,,,,,,,006WR00000wkEbDYAU
