SF_Id,Name,Object,Field,Before,After,Source,Action,Result,Error,Timestamp
a0BWR0000083yKv2AI,AGR-0544,Agreement__c,*record*,"{""Name"": ""AGR-0544"", ""Opportunity__c"": ""006WR00000wkDuAYAU"", ""Opportunity_Name"": ""Villas on Horne"", ""Agreement_Type__c"": ""EMA"", ""Status__c"": ""Review""}",deleted,TM_review_2026-05-04,Delete,OK,,2026-05-07T12:02:22.811104
a0BWR0000083yLD2AY,AGR-0562,Agreement__c,*record*,"{""Name"": ""AGR-0562"", ""Opportunity__c"": ""006WR00000wkDuOYAU"", ""Opportunity_Name"": ""Stonebridge Gardens"", ""Agreement_Type__c"": ""EMA"", ""Status__c"": ""Paused""}",deleted,TM_review_2026-05-04,Delete,OK,,2026-05-07T12:02:23.461033
a0BWR0000083yLO2AY,AGR-0573,Agreement__c,*record*,"{""Name"": ""AGR-0573"", ""Opportunity__c"": ""006WR00000wkDuUYAU"", ""Opportunity_Name"": ""Pineforest Park"", ""Agreement_Type__c"": ""EMA"", ""Status__c"": ""Review""}",deleted,TM_review_2026-05-04,Delete,OK,,2026-05-07T12:02:23.995724
a0BWR0000083yLP2AY,AGR-0574,Agreement__c,*record*,"{""Name"": ""AGR-0574"", ""Opportunity__c"": ""006WR00000wkDuUYAU"", ""Opportunity_Name"": ""Pineforest Park"", ""Agreement_Type__c"": ""Bulk"", ""Status__c"": ""Review""}",deleted,TM_review_2026-05-04,Delete,OK,,2026-05-07T12:02:24.582721
a0BWR0000083yLR2AY,AGR-0576,Agreement__c,*record*,"{""Name"": ""AGR-0576"", ""Opportunity__c"": ""006WR00000wkDuVYAU"", ""Opportunity_Name"": ""Crenshaw Townhouse"", ""Agreement_Type__c"": ""EMA"", ""Status__c"": ""Review""}",deleted,TM_review_2026-05-04,Delete,OK,,2026-05-07T12:02:25.139861
a0BWR0000083yLS2AY,AGR-0577,Agreement__c,*record*,"{""Name"": ""AGR-0577"", ""Opportunity__c"": ""006WR00000wkDuVYAU"", ""Opportunity_Name"": ""Crenshaw Townhouse"", ""Agreement_Type__c"": ""Bulk"", ""Status__c"": ""Review""}",deleted,TM_review_2026-05-04,Delete,OK,,2026-05-07T12:02:25.766196
a0BWR0000083yLU2AY,AGR-0579,Agreement__c,*record*,"{""Name"": ""AGR-0579"", ""Opportunity__c"": ""006WR00000wkDuWYAU"", ""Opportunity_Name"": ""West Creek Townhomes"", ""Agreement_Type__c"": ""EMA"", ""Status__c"": ""Review""}",deleted,TM_review_2026-05-04,Delete,OK,,2026-05-07T12:02:26.367633
a0BWR0000083yLV2AY,AGR-0580,Agreement__c,*record*,"{""Name"": ""AGR-0580"", ""Opportunity__c"": ""006WR00000wkDuWYAU"", ""Opportunity_Name"": ""West Creek Townhomes"", ""Agreement_Type__c"": ""Bulk"", ""Status__c"": ""Review""}",deleted,TM_review_2026-05-04,Delete,OK,,2026-05-07T12:02:26.948208
a0BWR0000083yLX2AY,AGR-0582,Agreement__c,*record*,"{""Name"": ""AGR-0582"", ""Opportunity__c"": ""006WR00000wkDuXYAU"", ""Opportunity_Name"": ""Vanowen Manor"", ""Agreement_Type__c"": ""EMA"", ""Status__c"": ""Review""}",deleted,TM_review_2026-05-04,Delete,OK,,2026-05-07T12:02:27.740650
a0BWR0000083yLY2AY,AGR-0583,Agreement__c,*record*,"{""Name"": ""AGR-0583"", ""Opportunity__c"": ""006WR00000wkDuXYAU"", ""Opportunity_Name"": ""Vanowen Manor"", ""Agreement_Type__c"": ""Bulk"", ""Status__c"": ""Review""}",deleted,TM_review_2026-05-04,Delete,OK,,2026-05-07T12:02:28.528334
a0BWR0000083yLa2AI,AGR-0585,Agreement__c,*record*,"{""Name"": ""AGR-0585"", ""Opportunity__c"": ""006WR00000wkDuYYAU"", ""Opportunity_Name"": ""Lord Tennyson"", ""Agreement_Type__c"": ""EMA"", ""Status__c"": ""Review""}",deleted,TM_review_2026-05-04,Delete,OK,,2026-05-07T12:02:29.103819
a0BWR0000083yLb2AI,AGR-0586,Agreement__c,*record*,"{""Name"": ""AGR-0586"", ""Opportunity__c"": ""006WR00000wkDuYYAU"", ""Opportunity_Name"": ""Lord Tennyson"", ""Agreement_Type__c"": ""Bulk"", ""Status__c"": ""Review""}",deleted,TM_review_2026-05-04,Delete,OK,,2026-05-07T12:02:29.659949
a0BWR0000083yLd2AI,AGR-0588,Agreement__c,*record*,"{""Name"": ""AGR-0588"", ""Opportunity__c"": ""006WR00000wkDuZYAU"", ""Opportunity_Name"": ""Crenshaw Manor"", ""Agreement_Type__c"": ""EMA"", ""Status__c"": ""Review""}",deleted,TM_review_2026-05-04,Delete,OK,,2026-05-07T12:02:30.251320
a0BWR0000083yLe2AI,AGR-0589,Agreement__c,*record*,"{""Name"": ""AGR-0589"", ""Opportunity__c"": ""006WR00000wkDuZYAU"", ""Opportunity_Name"": ""Crenshaw Manor"", ""Agreement_Type__c"": ""Bulk"", ""Status__c"": ""Review""}",deleted,TM_review_2026-05-04,Delete,OK,,2026-05-07T12:02:30.808609
a0BWR0000083yLg2AI,AGR-0591,Agreement__c,*record*,"{""Name"": ""AGR-0591"", ""Opportunity__c"": ""006WR00000wkDuaYAE"", ""Opportunity_Name"": ""Columbia Apartments"", ""Agreement_Type__c"": ""EMA"", ""Status__c"": ""Review""}",deleted,TM_review_2026-05-04,Delete,OK,,2026-05-07T12:02:31.361173
a0BWR0000083yLh2AI,AGR-0592,Agreement__c,*record*,"{""Name"": ""AGR-0592"", ""Opportunity__c"": ""006WR00000wkDuaYAE"", ""Opportunity_Name"": ""Columbia Apartments"", ""Agreement_Type__c"": ""Bulk"", ""Status__c"": ""Review""}",deleted,TM_review_2026-05-04,Delete,OK,,2026-05-07T12:02:31.962579
a0BWR0000083yLj2AI,AGR-0594,Agreement__c,*record*,"{""Name"": ""AGR-0594"", ""Opportunity__c"": ""006WR00000wkDubYAE"", ""Opportunity_Name"": ""Windfaire Apartments"", ""Agreement_Type__c"": ""EMA"", ""Status__c"": ""Review""}",deleted,TM_review_2026-05-04,Delete,OK,,2026-05-07T12:02:32.523048
a0BWR0000083yLk2AI,AGR-0595,Agreement__c,*record*,"{""Name"": ""AGR-0595"", ""Opportunity__c"": ""006WR00000wkDubYAE"", ""Opportunity_Name"": ""Windfaire Apartments"", ""Agreement_Type__c"": ""Bulk"", ""Status__c"": ""Review""}",deleted,TM_review_2026-05-04,Delete,OK,,2026-05-07T12:02:33.067209
a0BWR0000083yLm2AI,AGR-0597,Agreement__c,*record*,"{""Name"": ""AGR-0597"", ""Opportunity__c"": ""006WR00000wkDucYAE"", ""Opportunity_Name"": ""Woodbury Place Apartments"", ""Agreement_Type__c"": ""EMA"", ""Status__c"": ""Review""}",deleted,TM_review_2026-05-04,Delete,OK,,2026-05-07T12:02:33.538002
a0BWR0000083yLn2AI,AGR-0598,Agreement__c,*record*,"{""Name"": ""AGR-0598"", ""Opportunity__c"": ""006WR00000wkDucYAE"", ""Opportunity_Name"": ""Woodbury Place Apartments"", ""Agreement_Type__c"": ""Bulk"", ""Status__c"": ""Review""}",deleted,TM_review_2026-05-04,Delete,OK,,2026-05-07T12:02:34.008002
a0BWR0000083yLp2AI,AGR-0600,Agreement__c,*record*,"{""Name"": ""AGR-0600"", ""Opportunity__c"": ""006WR00000wkDudYAE"", ""Opportunity_Name"": ""Strathmore Arms Apartments"", ""Agreement_Type__c"": ""EMA"", ""Status__c"": ""Review""}",deleted,TM_review_2026-05-04,Delete,OK,,2026-05-07T12:02:34.602313
a0BWR0000083yLq2AI,AGR-0601,Agreement__c,*record*,"{""Name"": ""AGR-0601"", ""Opportunity__c"": ""006WR00000wkDudYAE"", ""Opportunity_Name"": ""Strathmore Arms Apartments"", ""Agreement_Type__c"": ""Bulk"", ""Status__c"": ""Review""}",deleted,TM_review_2026-05-04,Delete,OK,,2026-05-07T12:02:35.148517
a0BWR0000083yLs2AI,AGR-0603,Agreement__c,*record*,"{""Name"": ""AGR-0603"", ""Opportunity__c"": ""006WR00000wkDueYAE"", ""Opportunity_Name"": ""University Club Apartments (Nac)"", ""Agreement_Type__c"": ""EMA"", ""Status__c"": ""Review""}",deleted,TM_review_2026-05-04,Delete,OK,,2026-05-07T12:02:35.481321
a0BWR0000083yLt2AI,AGR-0604,Agreement__c,*record*,"{""Name"": ""AGR-0604"", ""Opportunity__c"": ""006WR00000wkDueYAE"", ""Opportunity_Name"": ""University Club Apartments (Nac)"", ""Agreement_Type__c"": ""Bulk"", ""Status__c"": ""Review""}",deleted,TM_review_2026-05-04,Delete,OK,,2026-05-07T12:02:36.036568
a0BWR0000083yLv2AI,AGR-0606,Agreement__c,*record*,"{""Name"": ""AGR-0606"", ""Opportunity__c"": ""006WR00000wkDufYAE"", ""Opportunity_Name"": ""714 Veteran"", ""Agreement_Type__c"": ""EMA"", ""Status__c"": ""Review""}",deleted,TM_review_2026-05-04,Delete,OK,,2026-05-07T12:02:36.378311
a0BWR0000083yLw2AI,AGR-0607,Agreement__c,*record*,"{""Name"": ""AGR-0607"", ""Opportunity__c"": ""006WR00000wkDufYAE"", ""Opportunity_Name"": ""714 Veteran"", ""Agreement_Type__c"": ""Bulk"", ""Status__c"": ""Review""}",deleted,TM_review_2026-05-04,Delete,OK,,2026-05-07T12:02:36.914256
a0BWR0000083yLy2AI,AGR-0609,Agreement__c,*record*,"{""Name"": ""AGR-0609"", ""Opportunity__c"": ""006WR00000wkDugYAE"", ""Opportunity_Name"": ""University Square Apartments"", ""Agreement_Type__c"": ""EMA"", ""Status__c"": ""Review""}",deleted,TM_review_2026-05-04,Delete,OK,,2026-05-07T12:02:37.508150
a0BWR0000083yLz2AI,AGR-0610,Agreement__c,*record*,"{""Name"": ""AGR-0610"", ""Opportunity__c"": ""006WR00000wkDugYAE"", ""Opportunity_Name"": ""University Square Apartments"", ""Agreement_Type__c"": ""Bulk"", ""Status__c"": ""Review""}",deleted,TM_review_2026-05-04,Delete,OK,,2026-05-07T12:02:37.848850
a0BWR0000083yM32AI,AGR-0614,Agreement__c,*record*,"{""Name"": ""AGR-0614"", ""Opportunity__c"": ""006WR00000wkDuiYAE"", ""Opportunity_Name"": ""Summerset Village Apartments"", ""Agreement_Type__c"": ""EMA"", ""Status__c"": ""Review""}",deleted,TM_review_2026-05-04,Delete,OK,,2026-05-07T12:02:38.437068
a0BWR0000083yM42AI,AGR-0615,Agreement__c,*record*,"{""Name"": ""AGR-0615"", ""Opportunity__c"": ""006WR00000wkDuiYAE"", ""Opportunity_Name"": ""Summerset Village Apartments"", ""Agreement_Type__c"": ""Bulk"", ""Status__c"": ""Review""}",deleted,TM_review_2026-05-04,Delete,OK,,2026-05-07T12:02:39.021707
a0BWR0000083yM82AI,AGR-0619,Agreement__c,*record*,"{""Name"": ""AGR-0619"", ""Opportunity__c"": ""006WR00000wkDukYAE"", ""Opportunity_Name"": ""Cimarron Estates"", ""Agreement_Type__c"": ""EMA"", ""Status__c"": ""Review""}",deleted,TM_review_2026-05-04,Delete,OK,,2026-05-07T12:02:39.582770
a0BWR0000083yM92AI,AGR-0620,Agreement__c,*record*,"{""Name"": ""AGR-0620"", ""Opportunity__c"": ""006WR00000wkDukYAE"", ""Opportunity_Name"": ""Cimarron Estates"", ""Agreement_Type__c"": ""Bulk"", ""Status__c"": ""Review""}",deleted,TM_review_2026-05-04,Delete,OK,,2026-05-07T12:02:40.130952
a0BWR0000083yMD2AY,AGR-0624,Agreement__c,*record*,"{""Name"": ""AGR-0624"", ""Opportunity__c"": ""006WR00000wkDumYAE"", ""Opportunity_Name"": ""Misty Ridge"", ""Agreement_Type__c"": ""EMA"", ""Status__c"": ""Review""}",deleted,TM_review_2026-05-04,Delete,OK,,2026-05-07T12:02:40.665956
a0BWR0000083yME2AY,AGR-0625,Agreement__c,*record*,"{""Name"": ""AGR-0625"", ""Opportunity__c"": ""006WR00000wkDumYAE"", ""Opportunity_Name"": ""Misty Ridge"", ""Agreement_Type__c"": ""Bulk"", ""Status__c"": ""Review""}",deleted,TM_review_2026-05-04,Delete,OK,,2026-05-07T12:02:41.161985
a0BWR0000083yMI2AY,AGR-0629,Agreement__c,*record*,"{""Name"": ""AGR-0629"", ""Opportunity__c"": ""006WR00000wkDuoYAE"", ""Opportunity_Name"": ""Park at Shiloh"", ""Agreement_Type__c"": ""EMA"", ""Status__c"": ""Review""}",deleted,TM_review_2026-05-04,Delete,OK,,2026-05-07T12:02:41.709168
a0BWR0000083yMJ2AY,AGR-0630,Agreement__c,*record*,"{""Name"": ""AGR-0630"", ""Opportunity__c"": ""006WR00000wkDuoYAE"", ""Opportunity_Name"": ""Park at Shiloh"", ""Agreement_Type__c"": ""Bulk"", ""Status__c"": ""Review""}",deleted,TM_review_2026-05-04,Delete,OK,,2026-05-07T12:02:42.091608
a0BWR0000083yMN2AY,AGR-0634,Agreement__c,*record*,"{""Name"": ""AGR-0634"", ""Opportunity__c"": ""006WR00000wkDuqYAE"", ""Opportunity_Name"": ""Villages at Sugar Road"", ""Agreement_Type__c"": ""EMA"", ""Status__c"": ""Review""}",deleted,TM_review_2026-05-04,Delete,OK,,2026-05-07T12:02:42.640339
a0BWR0000083yMO2AY,AGR-0635,Agreement__c,*record*,"{""Name"": ""AGR-0635"", ""Opportunity__c"": ""006WR00000wkDuqYAE"", ""Opportunity_Name"": ""Villages at Sugar Road"", ""Agreement_Type__c"": ""Bulk"", ""Status__c"": ""Review""}",deleted,TM_review_2026-05-04,Delete,OK,,2026-05-07T12:02:43.302133
a0BWR0000083yMU2AY,AGR-0641,Agreement__c,*record*,"{""Name"": ""AGR-0641"", ""Opportunity__c"": ""006WR00000wkDutYAE"", ""Opportunity_Name"": ""Windrush Apartments"", ""Agreement_Type__c"": ""EMA"", ""Status__c"": ""Review""}",deleted,TM_review_2026-05-04,Delete,OK,,2026-05-07T12:02:43.843710
a0BWR0000083yMV2AY,AGR-0642,Agreement__c,*record*,"{""Name"": ""AGR-0642"", ""Opportunity__c"": ""006WR00000wkDutYAE"", ""Opportunity_Name"": ""Windrush Apartments"", ""Agreement_Type__c"": ""Bulk"", ""Status__c"": ""Review""}",deleted,TM_review_2026-05-04,Delete,OK,,2026-05-07T12:02:44.525462
a0BWR0000083yMZ2AY,AGR-0646,Agreement__c,*record*,"{""Name"": ""AGR-0646"", ""Opportunity__c"": ""006WR00000wkDuwYAE"", ""Opportunity_Name"": ""Fairways"", ""Agreement_Type__c"": ""EMA"", ""Status__c"": ""Review""}",deleted,TM_review_2026-05-04,Delete,OK,,2026-05-07T12:02:45.136083
a0BWR0000083yMa2AI,AGR-0647,Agreement__c,*record*,"{""Name"": ""AGR-0647"", ""Opportunity__c"": ""006WR00000wkDuwYAE"", ""Opportunity_Name"": ""Fairways"", ""Agreement_Type__c"": ""Bulk"", ""Status__c"": ""Review""}",deleted,TM_review_2026-05-04,Delete,OK,,2026-05-07T12:02:45.494431
a0BWR0000083yMd2AI,AGR-0650,Agreement__c,*record*,"{""Name"": ""AGR-0650"", ""Opportunity__c"": ""006WR00000wkDuyYAE"", ""Opportunity_Name"": ""Sheppard's Edge"", ""Agreement_Type__c"": ""EMA"", ""Status__c"": ""Review""}",deleted,TM_review_2026-05-04,Delete,OK,,2026-05-07T12:02:46.037251
a0BWR0000083yMe2AI,AGR-0651,Agreement__c,*record*,"{""Name"": ""AGR-0651"", ""Opportunity__c"": ""006WR00000wkDuyYAE"", ""Opportunity_Name"": ""Sheppard's Edge"", ""Agreement_Type__c"": ""Bulk"", ""Status__c"": ""Review""}",deleted,TM_review_2026-05-04,Delete,OK,,2026-05-07T12:02:46.618706
a0BWR0000083yMh2AI,AGR-0654,Agreement__c,*record*,"{""Name"": ""AGR-0654"", ""Opportunity__c"": ""006WR00000wkDv0YAE"", ""Opportunity_Name"": ""Boulder Springs Apartments"", ""Agreement_Type__c"": ""EMA"", ""Status__c"": ""Review""}",deleted,TM_review_2026-05-04,Delete,OK,,2026-05-07T12:02:46.984944
a0BWR0000083yMi2AI,AGR-0655,Agreement__c,*record*,"{""Name"": ""AGR-0655"", ""Opportunity__c"": ""006WR00000wkDv0YAE"", ""Opportunity_Name"": ""Boulder Springs Apartments"", ""Agreement_Type__c"": ""Bulk"", ""Status__c"": ""Review""}",deleted,TM_review_2026-05-04,Delete,OK,,2026-05-07T12:02:47.565945
a0BWR0000083yMl2AI,AGR-0658,Agreement__c,*record*,"{""Name"": ""AGR-0658"", ""Opportunity__c"": ""006WR00000wkDv2YAE"", ""Opportunity_Name"": ""St. John's"", ""Agreement_Type__c"": ""EMA"", ""Status__c"": ""Review""}",deleted,TM_review_2026-05-04,Delete,OK,,2026-05-07T12:02:48.053123
a0BWR0000083yMm2AI,AGR-0659,Agreement__c,*record*,"{""Name"": ""AGR-0659"", ""Opportunity__c"": ""006WR00000wkDv2YAE"", ""Opportunity_Name"": ""St. John's"", ""Agreement_Type__c"": ""Bulk"", ""Status__c"": ""Review""}",deleted,TM_review_2026-05-04,Delete,OK,,2026-05-07T12:02:48.469459
a0BWR0000083yMp2AI,AGR-0662,Agreement__c,*record*,"{""Name"": ""AGR-0662"", ""Opportunity__c"": ""006WR00000wkDv4YAE"", ""Opportunity_Name"": ""615 Manhattan"", ""Agreement_Type__c"": ""EMA"", ""Status__c"": ""Review""}",deleted,TM_review_2026-05-04,Delete,OK,,2026-05-07T12:02:49.011047
a0BWR0000083yMq2AI,AGR-0663,Agreement__c,*record*,"{""Name"": ""AGR-0663"", ""Opportunity__c"": ""006WR00000wkDv4YAE"", ""Opportunity_Name"": ""615 Manhattan"", ""Agreement_Type__c"": ""Bulk"", ""Status__c"": ""Review""}",deleted,TM_review_2026-05-04,Delete,OK,,2026-05-07T12:02:49.568424
a0BWR0000083yMt2AI,AGR-0666,Agreement__c,*record*,"{""Name"": ""AGR-0666"", ""Opportunity__c"": ""006WR00000wkDv6YAE"", ""Opportunity_Name"": ""Sunset Street"", ""Agreement_Type__c"": ""EMA"", ""Status__c"": ""Review""}",deleted,TM_review_2026-05-04,Delete,OK,,2026-05-07T12:02:49.996639
a0BWR0000083yMu2AI,AGR-0667,Agreement__c,*record*,"{""Name"": ""AGR-0667"", ""Opportunity__c"": ""006WR00000wkDv6YAE"", ""Opportunity_Name"": ""Sunset Street"", ""Agreement_Type__c"": ""Bulk"", ""Status__c"": ""Review""}",deleted,TM_review_2026-05-04,Delete,OK,,2026-05-07T12:02:50.605964
a0BWR0000083yMx2AI,AGR-0670,Agreement__c,*record*,"{""Name"": ""AGR-0670"", ""Opportunity__c"": ""006WR00000wkDv8YAE"", ""Opportunity_Name"": ""Pineforest Place"", ""Agreement_Type__c"": ""EMA"", ""Status__c"": ""Review""}",deleted,TM_review_2026-05-04,Delete,OK,,2026-05-07T12:02:51.212192
a0BWR0000083yMy2AI,AGR-0671,Agreement__c,*record*,"{""Name"": ""AGR-0671"", ""Opportunity__c"": ""006WR00000wkDv8YAE"", ""Opportunity_Name"": ""Pineforest Place"", ""Agreement_Type__c"": ""Bulk"", ""Status__c"": ""Review""}",deleted,TM_review_2026-05-04,Delete,OK,,2026-05-07T12:02:51.574516
a0BWR0000083yN12AI,AGR-0674,Agreement__c,*record*,"{""Name"": ""AGR-0674"", ""Opportunity__c"": ""006WR00000wkDvAYAU"", ""Opportunity_Name"": ""University Club Apartments (Lubbock)"", ""Agreement_Type__c"": ""EMA"", ""Status__c"": ""Review""}",deleted,TM_review_2026-05-04,Delete,OK,,2026-05-07T12:02:52.017473
a0BWR0000083yN22AI,AGR-0675,Agreement__c,*record*,"{""Name"": ""AGR-0675"", ""Opportunity__c"": ""006WR00000wkDvAYAU"", ""Opportunity_Name"": ""University Club Apartments (Lubbock)"", ""Agreement_Type__c"": ""Bulk"", ""Status__c"": ""Review""}",deleted,TM_review_2026-05-04,Delete,OK,,2026-05-07T12:02:52.596286
a0BWR0000083yN52AI,AGR-0678,Agreement__c,*record*,"{""Name"": ""AGR-0678"", ""Opportunity__c"": ""006WR00000wkDvCYAU"", ""Opportunity_Name"": ""Chaparral Apts"", ""Agreement_Type__c"": ""EMA"", ""Status__c"": ""Review""}",deleted,TM_review_2026-05-04,Delete,OK,,2026-05-07T12:02:53.182331
a0BWR0000083yN62AI,AGR-0679,Agreement__c,*record*,"{""Name"": ""AGR-0679"", ""Opportunity__c"": ""006WR00000wkDvCYAU"", ""Opportunity_Name"": ""Chaparral Apts"", ""Agreement_Type__c"": ""Bulk"", ""Status__c"": ""Review""}",deleted,TM_review_2026-05-04,Delete,OK,,2026-05-07T12:02:53.834778
a0BWR0000083yN82AI,AGR-0681,Agreement__c,*record*,"{""Name"": ""AGR-0681"", ""Opportunity__c"": ""006WR00000wkDvDYAU"", ""Opportunity_Name"": ""Lemoli Apartments"", ""Agreement_Type__c"": ""EMA"", ""Status__c"": ""Review""}",deleted,TM_review_2026-05-04,Delete,OK,,2026-05-07T12:02:54.398146
a0BWR0000083yN92AI,AGR-0682,Agreement__c,*record*,"{""Name"": ""AGR-0682"", ""Opportunity__c"": ""006WR00000wkDvDYAU"", ""Opportunity_Name"": ""Lemoli Apartments"", ""Agreement_Type__c"": ""Bulk"", ""Status__c"": ""Review""}",deleted,TM_review_2026-05-04,Delete,OK,,2026-05-07T12:02:54.912791
a0BWR0000083yNB2AY,AGR-0684,Agreement__c,*record*,"{""Name"": ""AGR-0684"", ""Opportunity__c"": ""006WR00000wkDvEYAU"", ""Opportunity_Name"": ""Willow Lake"", ""Agreement_Type__c"": ""EMA"", ""Status__c"": ""Review""}",deleted,TM_review_2026-05-04,Delete,OK,,2026-05-07T12:02:55.511740
a0BWR0000083yNC2AY,AGR-0685,Agreement__c,*record*,"{""Name"": ""AGR-0685"", ""Opportunity__c"": ""006WR00000wkDvEYAU"", ""Opportunity_Name"": ""Willow Lake"", ""Agreement_Type__c"": ""Bulk"", ""Status__c"": ""Review""}",deleted,TM_review_2026-05-04,Delete,OK,,2026-05-07T12:02:56.250841
a0BWR0000083yNE2AY,AGR-0687,Agreement__c,*record*,"{""Name"": ""AGR-0687"", ""Opportunity__c"": ""006WR00000wkDvFYAU"", ""Opportunity_Name"": ""Chadron Apartments"", ""Agreement_Type__c"": ""EMA"", ""Status__c"": ""Review""}",deleted,TM_review_2026-05-04,Delete,OK,,2026-05-07T12:02:56.653130
a0BWR0000083yNF2AY,AGR-0688,Agreement__c,*record*,"{""Name"": ""AGR-0688"", ""Opportunity__c"": ""006WR00000wkDvFYAU"", ""Opportunity_Name"": ""Chadron Apartments"", ""Agreement_Type__c"": ""Bulk"", ""Status__c"": ""Review""}",deleted,TM_review_2026-05-04,Delete,OK,,2026-05-07T12:02:57.104466
a0BWR0000083yNH2AY,AGR-0690,Agreement__c,*record*,"{""Name"": ""AGR-0690"", ""Opportunity__c"": ""006WR00000wkDvGYAU"", ""Opportunity_Name"": ""Forest Gate Apartments"", ""Agreement_Type__c"": ""EMA"", ""Status__c"": ""Review""}",deleted,TM_review_2026-05-04,Delete,OK,,2026-05-07T12:02:57.514733
a0BWR0000083yNI2AY,AGR-0691,Agreement__c,*record*,"{""Name"": ""AGR-0691"", ""Opportunity__c"": ""006WR00000wkDvGYAU"", ""Opportunity_Name"": ""Forest Gate Apartments"", ""Agreement_Type__c"": ""Bulk"", ""Status__c"": ""Review""}",deleted,TM_review_2026-05-04,Delete,OK,,2026-05-07T12:02:58.048338
a0BWR0000083yNK2AY,AGR-0693,Agreement__c,*record*,"{""Name"": ""AGR-0693"", ""Opportunity__c"": ""006WR00000wkDvHYAU"", ""Opportunity_Name"": ""Vanowen Manor II"", ""Agreement_Type__c"": ""EMA"", ""Status__c"": ""Review""}",deleted,TM_review_2026-05-04,Delete,OK,,2026-05-07T12:02:58.709083
a0BWR0000083yNL2AY,AGR-0694,Agreement__c,*record*,"{""Name"": ""AGR-0694"", ""Opportunity__c"": ""006WR00000wkDvHYAU"", ""Opportunity_Name"": ""Vanowen Manor II"", ""Agreement_Type__c"": ""Bulk"", ""Status__c"": ""Review""}",deleted,TM_review_2026-05-04,Delete,OK,,2026-05-07T12:02:59.121461
a0BWR0000083yNN2AY,AGR-0696,Agreement__c,*record*,"{""Name"": ""AGR-0696"", ""Opportunity__c"": ""006WR00000wkDvIYAU"", ""Opportunity_Name"": ""Alameda Palms"", ""Agreement_Type__c"": ""EMA"", ""Status__c"": ""Review""}",deleted,TM_review_2026-05-04,Delete,OK,,2026-05-07T12:02:59.546099
a0BWR0000083yNO2AY,AGR-0697,Agreement__c,*record*,"{""Name"": ""AGR-0697"", ""Opportunity__c"": ""006WR00000wkDvIYAU"", ""Opportunity_Name"": ""Alameda Palms"", ""Agreement_Type__c"": ""Bulk"", ""Status__c"": ""Review""}",deleted,TM_review_2026-05-04,Delete,OK,,2026-05-07T12:03:00.013375
a0BWR0000083yNQ2AY,AGR-0699,Agreement__c,*record*,"{""Name"": ""AGR-0699"", ""Opportunity__c"": ""006WR00000wkEZdYAM"", ""Opportunity_Name"": ""Strathmore Terrace"", ""Agreement_Type__c"": ""EMA"", ""Status__c"": ""Review""}",deleted,TM_review_2026-05-04,Delete,OK,,2026-05-07T12:03:00.709549
a0BWR0000083yNR2AY,AGR-0700,Agreement__c,*record*,"{""Name"": ""AGR-0700"", ""Opportunity__c"": ""006WR00000wkEZdYAM"", ""Opportunity_Name"": ""Strathmore Terrace"", ""Agreement_Type__c"": ""Bulk"", ""Status__c"": ""Review""}",deleted,TM_review_2026-05-04,Delete,OK,,2026-05-07T12:03:01.312966
a0BWR0000083yNT2AY,AGR-0702,Agreement__c,*record*,"{""Name"": ""AGR-0702"", ""Opportunity__c"": ""006WR00000wkEZeYAM"", ""Opportunity_Name"": ""Heritage Park"", ""Agreement_Type__c"": ""EMA"", ""Status__c"": ""Review""}",deleted,TM_review_2026-05-04,Delete,OK,,2026-05-07T12:03:01.692874
a0BWR0000083yNU2AY,AGR-0703,Agreement__c,*record*,"{""Name"": ""AGR-0703"", ""Opportunity__c"": ""006WR00000wkEZeYAM"", ""Opportunity_Name"": ""Heritage Park"", ""Agreement_Type__c"": ""Bulk"", ""Status__c"": ""Review""}",deleted,TM_review_2026-05-04,Delete,OK,,2026-05-07T12:03:02.052522
a0BWR0000083yNW2AY,AGR-0705,Agreement__c,*record*,"{""Name"": ""AGR-0705"", ""Opportunity__c"": ""006WR00000wkEZfYAM"", ""Opportunity_Name"": ""Crenshaw Terrace Apartments"", ""Agreement_Type__c"": ""EMA"", ""Status__c"": ""Review""}",deleted,TM_review_2026-05-04,Delete,OK,,2026-05-07T12:03:02.664453
a0BWR0000083yNX2AY,AGR-0706,Agreement__c,*record*,"{""Name"": ""AGR-0706"", ""Opportunity__c"": ""006WR00000wkEZfYAM"", ""Opportunity_Name"": ""Crenshaw Terrace Apartments"", ""Agreement_Type__c"": ""Bulk"", ""Status__c"": ""Review""}",deleted,TM_review_2026-05-04,Delete,OK,,2026-05-07T12:03:03.026811
a0BWR0000083yNZ2AY,AGR-0708,Agreement__c,*record*,"{""Name"": ""AGR-0708"", ""Opportunity__c"": ""006WR00000wkEZgYAM"", ""Opportunity_Name"": ""University Courtyards Apartments"", ""Agreement_Type__c"": ""EMA"", ""Status__c"": ""Review""}",deleted,TM_review_2026-05-04,Delete,OK,,2026-05-07T12:03:03.395447
a0BWR0000083yNa2AI,AGR-0709,Agreement__c,*record*,"{""Name"": ""AGR-0709"", ""Opportunity__c"": ""006WR00000wkEZgYAM"", ""Opportunity_Name"": ""University Courtyards Apartments"", ""Agreement_Type__c"": ""Bulk"", ""Status__c"": ""Review""}",deleted,TM_review_2026-05-04,Delete,OK,,2026-05-07T12:03:03.859491
a0BWR0000083yNc2AI,AGR-0711,Agreement__c,*record*,"{""Name"": ""AGR-0711"", ""Opportunity__c"": ""006WR00000wkEZhYAM"", ""Opportunity_Name"": ""Leimert Park"", ""Agreement_Type__c"": ""EMA"", ""Status__c"": ""Review""}",deleted,TM_review_2026-05-04,Delete,OK,,2026-05-07T12:03:04.268288
a0BWR0000083yNd2AI,AGR-0712,Agreement__c,*record*,"{""Name"": ""AGR-0712"", ""Opportunity__c"": ""006WR00000wkEZhYAM"", ""Opportunity_Name"": ""Leimert Park"", ""Agreement_Type__c"": ""Bulk"", ""Status__c"": ""Review""}",deleted,TM_review_2026-05-04,Delete,OK,,2026-05-07T12:03:04.605509
a0BWR0000083yNf2AI,AGR-0714,Agreement__c,*record*,"{""Name"": ""AGR-0714"", ""Opportunity__c"": ""006WR00000wkEZiYAM"", ""Opportunity_Name"": ""Saratoga Apartments"", ""Agreement_Type__c"": ""EMA"", ""Status__c"": ""Review""}",deleted,TM_review_2026-05-04,Delete,OK,,2026-05-07T12:03:05.018488
a0BWR0000083yNg2AI,AGR-0715,Agreement__c,*record*,"{""Name"": ""AGR-0715"", ""Opportunity__c"": ""006WR00000wkEZiYAM"", ""Opportunity_Name"": ""Saratoga Apartments"", ""Agreement_Type__c"": ""Bulk"", ""Status__c"": ""Review""}",deleted,TM_review_2026-05-04,Delete,OK,,2026-05-07T12:03:05.490547
a0BWR0000083yNi2AI,AGR-0717,Agreement__c,*record*,"{""Name"": ""AGR-0717"", ""Opportunity__c"": ""006WR00000wkEZjYAM"", ""Opportunity_Name"": ""Ladera Apartments"", ""Agreement_Type__c"": ""EMA"", ""Status__c"": ""Review""}",deleted,TM_review_2026-05-04,Delete,OK,,2026-05-07T12:03:06.106905
a0BWR0000083yNj2AI,AGR-0718,Agreement__c,*record*,"{""Name"": ""AGR-0718"", ""Opportunity__c"": ""006WR00000wkEZjYAM"", ""Opportunity_Name"": ""Ladera Apartments"", ""Agreement_Type__c"": ""Bulk"", ""Status__c"": ""Review""}",deleted,TM_review_2026-05-04,Delete,OK,,2026-05-07T12:03:06.491091
a0BWR0000083yNl2AI,AGR-0720,Agreement__c,*record*,"{""Name"": ""AGR-0720"", ""Opportunity__c"": ""006WR00000wkEZkYAM"", ""Opportunity_Name"": ""The Oaks Apartments"", ""Agreement_Type__c"": ""EMA"", ""Status__c"": ""Review""}",deleted,TM_review_2026-05-04,Delete,OK,,2026-05-07T12:03:06.928956
a0BWR0000083yNm2AI,AGR-0721,Agreement__c,*record*,"{""Name"": ""AGR-0721"", ""Opportunity__c"": ""006WR00000wkEZkYAM"", ""Opportunity_Name"": ""The Oaks Apartments"", ""Agreement_Type__c"": ""Bulk"", ""Status__c"": ""Review""}",deleted,TM_review_2026-05-04,Delete,OK,,2026-05-07T12:03:07.498991
a0BWR0000083yNo2AI,AGR-0723,Agreement__c,*record*,"{""Name"": ""AGR-0723"", ""Opportunity__c"": ""006WR00000wkEZlYAM"", ""Opportunity_Name"": ""Fallbrook View Apartments"", ""Agreement_Type__c"": ""EMA"", ""Status__c"": ""Review""}",deleted,TM_review_2026-05-04,Delete,OK,,2026-05-07T12:03:07.854766
a0BWR0000083yNp2AI,AGR-0724,Agreement__c,*record*,"{""Name"": ""AGR-0724"", ""Opportunity__c"": ""006WR00000wkEZlYAM"", ""Opportunity_Name"": ""Fallbrook View Apartments"", ""Agreement_Type__c"": ""Bulk"", ""Status__c"": ""Review""}",deleted,TM_review_2026-05-04,Delete,OK,,2026-05-07T12:03:08.293424
a0BWR0000083yNr2AI,AGR-0726,Agreement__c,*record*,"{""Name"": ""AGR-0726"", ""Opportunity__c"": ""006WR00000wkEZmYAM"", ""Opportunity_Name"": ""Turnagain Apartments"", ""Agreement_Type__c"": ""EMA"", ""Status__c"": ""Review""}",deleted,TM_review_2026-05-04,Delete,OK,,2026-05-07T12:03:08.705291
a0BWR0000083yNs2AI,AGR-0727,Agreement__c,*record*,"{""Name"": ""AGR-0727"", ""Opportunity__c"": ""006WR00000wkEZmYAM"", ""Opportunity_Name"": ""Turnagain Apartments"", ""Agreement_Type__c"": ""Bulk"", ""Status__c"": ""Review""}",deleted,TM_review_2026-05-04,Delete,OK,,2026-05-07T12:03:09.107357
a0BWR0000083yO62AI,AGR-0741,Agreement__c,*record*,"{""Name"": ""AGR-0741"", ""Opportunity__c"": ""006WR00000wkEZxYAM"", ""Opportunity_Name"": ""Villa Park Apartments"", ""Agreement_Type__c"": ""EMA"", ""Status__c"": ""Review""}",deleted,TM_review_2026-05-04,Delete,OK,,2026-05-07T12:03:09.726079
a0BWR0000083yO72AI,AGR-0742,Agreement__c,*record*,"{""Name"": ""AGR-0742"", ""Opportunity__c"": ""006WR00000wkEZxYAM"", ""Opportunity_Name"": ""Villa Park Apartments"", ""Agreement_Type__c"": ""Bulk"", ""Status__c"": ""Review""}",deleted,TM_review_2026-05-04,Delete,OK,,2026-05-07T12:03:10.276464
a0BWR0000083yOV2AY,AGR-0766,Agreement__c,*record*,"{""Name"": ""AGR-0766"", ""Opportunity__c"": ""006WR00000wkEaHYAU"", ""Opportunity_Name"": ""Oxnard Terrace Apartments"", ""Agreement_Type__c"": ""EMA"", ""Status__c"": ""Review""}",deleted,TM_review_2026-05-04,Delete,OK,,2026-05-07T12:03:10.966694
a0BWR0000083yOW2AY,AGR-0767,Agreement__c,*record*,"{""Name"": ""AGR-0767"", ""Opportunity__c"": ""006WR00000wkEaHYAU"", ""Opportunity_Name"": ""Oxnard Terrace Apartments"", ""Agreement_Type__c"": ""Bulk"", ""Status__c"": ""Review""}",deleted,TM_review_2026-05-04,Delete,OK,,2026-05-07T12:03:11.334274
a0BWR0000083yOY2AY,AGR-0769,Agreement__c,*record*,"{""Name"": ""AGR-0769"", ""Opportunity__c"": ""006WR00000wkEaIYAU"", ""Opportunity_Name"": ""Vassar Terrace Apartments"", ""Agreement_Type__c"": ""EMA"", ""Status__c"": ""Review""}",deleted,TM_review_2026-05-04,Delete,OK,,2026-05-07T12:03:11.880144
a0BWR0000083yOZ2AY,AGR-0770,Agreement__c,*record*,"{""Name"": ""AGR-0770"", ""Opportunity__c"": ""006WR00000wkEaIYAU"", ""Opportunity_Name"": ""Vassar Terrace Apartments"", ""Agreement_Type__c"": ""Bulk"", ""Status__c"": ""Review""}",deleted,TM_review_2026-05-04,Delete,OK,,2026-05-07T12:03:12.425118
a0BWR0000083yOb2AI,AGR-0772,Agreement__c,*record*,"{""Name"": ""AGR-0772"", ""Opportunity__c"": ""006WR00000wkEaJYAU"", ""Opportunity_Name"": ""9404 Apartments"", ""Agreement_Type__c"": ""EMA"", ""Status__c"": ""Review""}",deleted,TM_review_2026-05-04,Delete,OK,,2026-05-07T12:03:13.018676
a0BWR0000083yOc2AI,AGR-0773,Agreement__c,*record*,"{""Name"": ""AGR-0773"", ""Opportunity__c"": ""006WR00000wkEaJYAU"", ""Opportunity_Name"": ""9404 Apartments"", ""Agreement_Type__c"": ""Bulk"", ""Status__c"": ""Review""}",deleted,TM_review_2026-05-04,Delete,OK,,2026-05-07T12:03:13.614897
a0BWR0000083yOe2AI,AGR-0775,Agreement__c,*record*,"{""Name"": ""AGR-0775"", ""Opportunity__c"": ""006WR00000wkEaKYAU"", ""Opportunity_Name"": ""Villa Lago Apartments"", ""Agreement_Type__c"": ""EMA"", ""Status__c"": ""Review""}",deleted,TM_review_2026-05-04,Delete,OK,,2026-05-07T12:03:14.049105
a0BWR0000083yOf2AI,AGR-0776,Agreement__c,*record*,"{""Name"": ""AGR-0776"", ""Opportunity__c"": ""006WR00000wkEaKYAU"", ""Opportunity_Name"": ""Villa Lago Apartments"", ""Agreement_Type__c"": ""Bulk"", ""Status__c"": ""Review""}",deleted,TM_review_2026-05-04,Delete,OK,,2026-05-07T12:03:14.387249
a0BWR0000083yOn2AI,AGR-0784,Agreement__c,*record*,"{""Name"": ""AGR-0784"", ""Opportunity__c"": ""006WR00000wkEaOYAU"", ""Opportunity_Name"": ""Regents Park Apartments"", ""Agreement_Type__c"": ""EMA"", ""Status__c"": ""Review""}",deleted,TM_review_2026-05-04,Delete,OK,,2026-05-07T12:03:14.917567
a0BWR0000083yOo2AI,AGR-0785,Agreement__c,*record*,"{""Name"": ""AGR-0785"", ""Opportunity__c"": ""006WR00000wkEaOYAU"", ""Opportunity_Name"": ""Regents Park Apartments"", ""Agreement_Type__c"": ""Bulk"", ""Status__c"": ""Review""}",deleted,TM_review_2026-05-04,Delete,OK,,2026-05-07T12:03:15.379207
a0BWR0000083yOq2AI,AGR-0787,Agreement__c,*record*,"{""Name"": ""AGR-0787"", ""Opportunity__c"": ""006WR00000wkEaPYAU"", ""Opportunity_Name"": ""Lake Meadows Apartments"", ""Agreement_Type__c"": ""EMA"", ""Status__c"": ""Review""}",deleted,TM_review_2026-05-04,Delete,OK,,2026-05-07T12:03:15.746986
a0BWR0000083yOr2AI,AGR-0788,Agreement__c,*record*,"{""Name"": ""AGR-0788"", ""Opportunity__c"": ""006WR00000wkEaPYAU"", ""Opportunity_Name"": ""Lake Meadows Apartments"", ""Agreement_Type__c"": ""Bulk"", ""Status__c"": ""Review""}",deleted,TM_review_2026-05-04,Delete,OK,,2026-05-07T12:03:16.199596
a0BWR0000083yOt2AI,AGR-0790,Agreement__c,*record*,"{""Name"": ""AGR-0790"", ""Opportunity__c"": ""006WR00000wkEaQYAU"", ""Opportunity_Name"": ""Woodland Trio The Oaks"", ""Agreement_Type__c"": ""EMA"", ""Status__c"": ""Review""}",deleted,TM_review_2026-05-04,Delete,OK,,2026-05-07T12:03:16.578657
a0BWR0000083yOu2AI,AGR-0791,Agreement__c,*record*,"{""Name"": ""AGR-0791"", ""Opportunity__c"": ""006WR00000wkEaQYAU"", ""Opportunity_Name"": ""Woodland Trio The Oaks"", ""Agreement_Type__c"": ""Bulk"", ""Status__c"": ""Review""}",deleted,TM_review_2026-05-04,Delete,OK,,2026-05-07T12:03:17.034229
a0BWR0000083yOw2AI,AGR-0793,Agreement__c,*record*,"{""Name"": ""AGR-0793"", ""Opportunity__c"": ""006WR00000wkEaRYAU"", ""Opportunity_Name"": ""Baldwin Manor"", ""Agreement_Type__c"": ""EMA"", ""Status__c"": ""Review""}",deleted,TM_review_2026-05-04,Delete,OK,,2026-05-07T12:03:17.630672
a0BWR0000083yOx2AI,AGR-0794,Agreement__c,*record*,"{""Name"": ""AGR-0794"", ""Opportunity__c"": ""006WR00000wkEaRYAU"", ""Opportunity_Name"": ""Baldwin Manor"", ""Agreement_Type__c"": ""Bulk"", ""Status__c"": ""Review""}",deleted,TM_review_2026-05-04,Delete,OK,,2026-05-07T12:03:18.021303
a0BWR0000083yOz2AI,AGR-0796,Agreement__c,*record*,"{""Name"": ""AGR-0796"", ""Opportunity__c"": ""006WR00000wkEaSYAU"", ""Opportunity_Name"": ""White Oak Terrace"", ""Agreement_Type__c"": ""EMA"", ""Status__c"": ""Review""}",deleted,TM_review_2026-05-04,Delete,OK,,2026-05-07T12:03:18.573020
a0BWR0000083yP02AI,AGR-0797,Agreement__c,*record*,"{""Name"": ""AGR-0797"", ""Opportunity__c"": ""006WR00000wkEaSYAU"", ""Opportunity_Name"": ""White Oak Terrace"", ""Agreement_Type__c"": ""Bulk"", ""Status__c"": ""Review""}",deleted,TM_review_2026-05-04,Delete,OK,,2026-05-07T12:03:18.921332
a0BWR0000083yP22AI,AGR-0799,Agreement__c,*record*,"{""Name"": ""AGR-0799"", ""Opportunity__c"": ""006WR00000wkEaTYAU"", ""Opportunity_Name"": ""Bali Apartments"", ""Agreement_Type__c"": ""EMA"", ""Status__c"": ""Review""}",deleted,TM_review_2026-05-04,Delete,OK,,2026-05-07T12:03:19.486742
a0BWR0000083yP32AI,AGR-0800,Agreement__c,*record*,"{""Name"": ""AGR-0800"", ""Opportunity__c"": ""006WR00000wkEaTYAU"", ""Opportunity_Name"": ""Bali Apartments"", ""Agreement_Type__c"": ""Bulk"", ""Status__c"": ""Review""}",deleted,TM_review_2026-05-04,Delete,OK,,2026-05-07T12:03:19.871022
a0BWR0000083yP52AI,AGR-0802,Agreement__c,*record*,"{""Name"": ""AGR-0802"", ""Opportunity__c"": ""006WR00000wkEaUYAU"", ""Opportunity_Name"": ""Corbett Avenue Apartments"", ""Agreement_Type__c"": ""EMA"", ""Status__c"": ""Review""}",deleted,TM_review_2026-05-04,Delete,OK,,2026-05-07T12:03:20.284092
a0BWR0000083yP62AI,AGR-0803,Agreement__c,*record*,"{""Name"": ""AGR-0803"", ""Opportunity__c"": ""006WR00000wkEaUYAU"", ""Opportunity_Name"": ""Corbett Avenue Apartments"", ""Agreement_Type__c"": ""Bulk"", ""Status__c"": ""Review""}",deleted,TM_review_2026-05-04,Delete,OK,,2026-05-07T12:03:20.707329
a0BWR0000083yP82AI,AGR-0805,Agreement__c,*record*,"{""Name"": ""AGR-0805"", ""Opportunity__c"": ""006WR00000wkEaVYAU"", ""Opportunity_Name"": ""Chatsworth Plaza"", ""Agreement_Type__c"": ""EMA"", ""Status__c"": ""Review""}",deleted,TM_review_2026-05-04,Delete,OK,,2026-05-07T12:03:21.095225
a0BWR0000083yP92AI,AGR-0806,Agreement__c,*record*,"{""Name"": ""AGR-0806"", ""Opportunity__c"": ""006WR00000wkEaVYAU"", ""Opportunity_Name"": ""Chatsworth Plaza"", ""Agreement_Type__c"": ""Bulk"", ""Status__c"": ""Review""}",deleted,TM_review_2026-05-04,Delete,OK,,2026-05-07T12:03:21.455433
a0BWR0000083yPB2AY,AGR-0808,Agreement__c,*record*,"{""Name"": ""AGR-0808"", ""Opportunity__c"": ""006WR00000wkEaWYAU"", ""Opportunity_Name"": ""John Manor"", ""Agreement_Type__c"": ""EMA"", ""Status__c"": ""Review""}",deleted,TM_review_2026-05-04,Delete,OK,,2026-05-07T12:03:21.983525
a0BWR0000083yPC2AY,AGR-0809,Agreement__c,*record*,"{""Name"": ""AGR-0809"", ""Opportunity__c"": ""006WR00000wkEaWYAU"", ""Opportunity_Name"": ""John Manor"", ""Agreement_Type__c"": ""Bulk"", ""Status__c"": ""Review""}",deleted,TM_review_2026-05-04,Delete,OK,,2026-05-07T12:03:22.365452
a0BWR0000083yPE2AY,AGR-0811,Agreement__c,*record*,"{""Name"": ""AGR-0811"", ""Opportunity__c"": ""006WR00000wkEaXYAU"", ""Opportunity_Name"": ""Casa Linda"", ""Agreement_Type__c"": ""EMA"", ""Status__c"": ""Review""}",deleted,TM_review_2026-05-04,Delete,OK,,2026-05-07T12:03:22.885757
a0BWR0000083yPF2AY,AGR-0812,Agreement__c,*record*,"{""Name"": ""AGR-0812"", ""Opportunity__c"": ""006WR00000wkEaXYAU"", ""Opportunity_Name"": ""Casa Linda"", ""Agreement_Type__c"": ""Bulk"", ""Status__c"": ""Review""}",deleted,TM_review_2026-05-04,Delete,OK,,2026-05-07T12:03:23.483528
a0BWR0000083yPH2AY,AGR-0814,Agreement__c,*record*,"{""Name"": ""AGR-0814"", ""Opportunity__c"": ""006WR00000wkEaYYAU"", ""Opportunity_Name"": ""Windsor Manor"", ""Agreement_Type__c"": ""EMA"", ""Status__c"": ""Review""}",deleted,TM_review_2026-05-04,Delete,OK,,2026-05-07T12:03:23.889961
a0BWR0000083yPI2AY,AGR-0815,Agreement__c,*record*,"{""Name"": ""AGR-0815"", ""Opportunity__c"": ""006WR00000wkEaYYAU"", ""Opportunity_Name"": ""Windsor Manor"", ""Agreement_Type__c"": ""Bulk"", ""Status__c"": ""Review""}",deleted,TM_review_2026-05-04,Delete,OK,,2026-05-07T12:03:24.247564
a0BWR0000083yPK2AY,AGR-0817,Agreement__c,*record*,"{""Name"": ""AGR-0817"", ""Opportunity__c"": ""006WR00000wkEaZYAU"", ""Opportunity_Name"": ""Coliseum Apartments"", ""Agreement_Type__c"": ""EMA"", ""Status__c"": ""Review""}",deleted,TM_review_2026-05-04,Delete,OK,,2026-05-07T12:03:24.654259
a0BWR0000083yPL2AY,AGR-0818,Agreement__c,*record*,"{""Name"": ""AGR-0818"", ""Opportunity__c"": ""006WR00000wkEaZYAU"", ""Opportunity_Name"": ""Coliseum Apartments"", ""Agreement_Type__c"": ""Bulk"", ""Status__c"": ""Review""}",deleted,TM_review_2026-05-04,Delete,OK,,2026-05-07T12:03:25.312219
a0BWR0000083yPN2AY,AGR-0820,Agreement__c,*record*,"{""Name"": ""AGR-0820"", ""Opportunity__c"": ""006WR00000wkEaaYAE"", ""Opportunity_Name"": ""Colonial Manor Apartments"", ""Agreement_Type__c"": ""EMA"", ""Status__c"": ""Review""}",deleted,TM_review_2026-05-04,Delete,OK,,2026-05-07T12:03:25.840079
a0BWR0000083yPO2AY,AGR-0821,Agreement__c,*record*,"{""Name"": ""AGR-0821"", ""Opportunity__c"": ""006WR00000wkEaaYAE"", ""Opportunity_Name"": ""Colonial Manor Apartments"", ""Agreement_Type__c"": ""Bulk"", ""Status__c"": ""Review""}",deleted,TM_review_2026-05-04,Delete,OK,,2026-05-07T12:03:26.232509
a0BWR0000083yPQ2AY,AGR-0823,Agreement__c,*record*,"{""Name"": ""AGR-0823"", ""Opportunity__c"": ""006WR00000wkEabYAE"", ""Opportunity_Name"": ""San Vicente Apartments"", ""Agreement_Type__c"": ""EMA"", ""Status__c"": ""Review""}",deleted,TM_review_2026-05-04,Delete,OK,,2026-05-07T12:03:26.663597
a0BWR0000083yPR2AY,AGR-0824,Agreement__c,*record*,"{""Name"": ""AGR-0824"", ""Opportunity__c"": ""006WR00000wkEabYAE"", ""Opportunity_Name"": ""San Vicente Apartments"", ""Agreement_Type__c"": ""Bulk"", ""Status__c"": ""Review""}",deleted,TM_review_2026-05-04,Delete,OK,,2026-05-07T12:03:27.077185
a0BWR0000083yPT2AY,AGR-0826,Agreement__c,*record*,"{""Name"": ""AGR-0826"", ""Opportunity__c"": ""006WR00000wkEacYAE"", ""Opportunity_Name"": ""St. Andrews Manor"", ""Agreement_Type__c"": ""EMA"", ""Status__c"": ""Review""}",deleted,TM_review_2026-05-04,Delete,OK,,2026-05-07T12:03:27.734716
a0BWR0000083yPU2AY,AGR-0827,Agreement__c,*record*,"{""Name"": ""AGR-0827"", ""Opportunity__c"": ""006WR00000wkEacYAE"", ""Opportunity_Name"": ""St. Andrews Manor"", ""Agreement_Type__c"": ""Bulk"", ""Status__c"": ""Review""}",deleted,TM_review_2026-05-04,Delete,OK,,2026-05-07T12:03:28.392514
a0BWR0000083yPW2AY,AGR-0829,Agreement__c,*record*,"{""Name"": ""AGR-0829"", ""Opportunity__c"": ""006WR00000wkEadYAE"", ""Opportunity_Name"": ""Krystal Terrace"", ""Agreement_Type__c"": ""EMA"", ""Status__c"": ""Review""}",deleted,TM_review_2026-05-04,Delete,OK,,2026-05-07T12:03:28.751660
a0BWR0000083yPX2AY,AGR-0830,Agreement__c,*record*,"{""Name"": ""AGR-0830"", ""Opportunity__c"": ""006WR00000wkEadYAE"", ""Opportunity_Name"": ""Krystal Terrace"", ""Agreement_Type__c"": ""Bulk"", ""Status__c"": ""Review""}",deleted,TM_review_2026-05-04,Delete,OK,,2026-05-07T12:03:29.182136
a0BWR0000083yPZ2AY,AGR-0832,Agreement__c,*record*,"{""Name"": ""AGR-0832"", ""Opportunity__c"": ""006WR00000wkEaeYAE"", ""Opportunity_Name"": ""Parkway Terrace"", ""Agreement_Type__c"": ""EMA"", ""Status__c"": ""Review""}",deleted,TM_review_2026-05-04,Delete,OK,,2026-05-07T12:03:29.647928
a0BWR0000083yPa2AI,AGR-0833,Agreement__c,*record*,"{""Name"": ""AGR-0833"", ""Opportunity__c"": ""006WR00000wkEaeYAE"", ""Opportunity_Name"": ""Parkway Terrace"", ""Agreement_Type__c"": ""Bulk"", ""Status__c"": ""Review""}",deleted,TM_review_2026-05-04,Delete,OK,,2026-05-07T12:03:30.123108
a0BWR0000083yPc2AI,AGR-0835,Agreement__c,*record*,"{""Name"": ""AGR-0835"", ""Opportunity__c"": ""006WR00000wkEafYAE"", ""Opportunity_Name"": ""Kling Trio Apartments"", ""Agreement_Type__c"": ""EMA"", ""Status__c"": ""Review""}",deleted,TM_review_2026-05-04,Delete,OK,,2026-05-07T12:03:30.666438
a0BWR0000083ySr2AI,AGR-0836,Agreement__c,*record*,"{""Name"": ""AGR-0836"", ""Opportunity__c"": ""006WR00000wkEafYAE"", ""Opportunity_Name"": ""Kling Trio Apartments"", ""Agreement_Type__c"": ""Bulk"", ""Status__c"": ""Review""}",deleted,TM_review_2026-05-04,Delete,OK,,2026-05-07T12:03:31.025316
a0BWR0000083ySt2AI,AGR-0838,Agreement__c,*record*,"{""Name"": ""AGR-0838"", ""Opportunity__c"": ""006WR00000wkEagYAE"", ""Opportunity_Name"": ""Jaclyn Terrace"", ""Agreement_Type__c"": ""EMA"", ""Status__c"": ""Review""}",deleted,TM_review_2026-05-04,Delete,OK,,2026-05-07T12:03:31.423290
a0BWR0000083ySu2AI,AGR-0839,Agreement__c,*record*,"{""Name"": ""AGR-0839"", ""Opportunity__c"": ""006WR00000wkEagYAE"", ""Opportunity_Name"": ""Jaclyn Terrace"", ""Agreement_Type__c"": ""Bulk"", ""Status__c"": ""Review""}",deleted,TM_review_2026-05-04,Delete,OK,,2026-05-07T12:03:31.858314
a0BWR0000083ySw2AI,AGR-0841,Agreement__c,*record*,"{""Name"": ""AGR-0841"", ""Opportunity__c"": ""006WR00000wkEahYAE"", ""Opportunity_Name"": ""Brody Terrace (Riverside)"", ""Agreement_Type__c"": ""EMA"", ""Status__c"": ""Review""}",deleted,TM_review_2026-05-04,Delete,OK,,2026-05-07T12:03:32.247022
a0BWR0000083ySx2AI,AGR-0842,Agreement__c,*record*,"{""Name"": ""AGR-0842"", ""Opportunity__c"": ""006WR00000wkEahYAE"", ""Opportunity_Name"": ""Brody Terrace (Riverside)"", ""Agreement_Type__c"": ""Bulk"", ""Status__c"": ""Review""}",deleted,TM_review_2026-05-04,Delete,OK,,2026-05-07T12:03:32.821083
a0BWR0000083ySz2AI,AGR-0844,Agreement__c,*record*,"{""Name"": ""AGR-0844"", ""Opportunity__c"": ""006WR00000wkEaiYAE"", ""Opportunity_Name"": ""Parkview Terrace"", ""Agreement_Type__c"": ""EMA"", ""Status__c"": ""Review""}",deleted,TM_review_2026-05-04,Delete,OK,,2026-05-07T12:03:33.216997
a0BWR0000083yT02AI,AGR-0845,Agreement__c,*record*,"{""Name"": ""AGR-0845"", ""Opportunity__c"": ""006WR00000wkEaiYAE"", ""Opportunity_Name"": ""Parkview Terrace"", ""Agreement_Type__c"": ""Bulk"", ""Status__c"": ""Review""}",deleted,TM_review_2026-05-04,Delete,OK,,2026-05-07T12:03:33.565735
a0BWR0000083yT22AI,AGR-0847,Agreement__c,*record*,"{""Name"": ""AGR-0847"", ""Opportunity__c"": ""006WR00000wkEajYAE"", ""Opportunity_Name"": ""Roxanne Apartments"", ""Agreement_Type__c"": ""EMA"", ""Status__c"": ""Review""}",deleted,TM_review_2026-05-04,Delete,OK,,2026-05-07T12:03:34.043989
a0BWR0000083yT32AI,AGR-0848,Agreement__c,*record*,"{""Name"": ""AGR-0848"", ""Opportunity__c"": ""006WR00000wkEajYAE"", ""Opportunity_Name"": ""Roxanne Apartments"", ""Agreement_Type__c"": ""Bulk"", ""Status__c"": ""Review""}",deleted,TM_review_2026-05-04,Delete,OK,,2026-05-07T12:03:34.439863
a0BWR0000083yT52AI,AGR-0850,Agreement__c,*record*,"{""Name"": ""AGR-0850"", ""Opportunity__c"": ""006WR00000wkEakYAE"", ""Opportunity_Name"": ""Riverside Villa Apartments"", ""Agreement_Type__c"": ""EMA"", ""Status__c"": ""Review""}",deleted,TM_review_2026-05-04,Delete,OK,,2026-05-07T12:03:35.146987
a0BWR0000083yT62AI,AGR-0851,Agreement__c,*record*,"{""Name"": ""AGR-0851"", ""Opportunity__c"": ""006WR00000wkEakYAE"", ""Opportunity_Name"": ""Riverside Villa Apartments"", ""Agreement_Type__c"": ""Bulk"", ""Status__c"": ""Review""}",deleted,TM_review_2026-05-04,Delete,OK,,2026-05-07T12:03:35.512702
a0BWR0000083yT82AI,AGR-0853,Agreement__c,*record*,"{""Name"": ""AGR-0853"", ""Opportunity__c"": ""006WR00000wkEalYAE"", ""Opportunity_Name"": ""The Banyans"", ""Agreement_Type__c"": ""EMA"", ""Status__c"": ""Review""}",deleted,TM_review_2026-05-04,Delete,OK,,2026-05-07T12:03:35.901607
a0BWR0000083yT92AI,AGR-0854,Agreement__c,*record*,"{""Name"": ""AGR-0854"", ""Opportunity__c"": ""006WR00000wkEalYAE"", ""Opportunity_Name"": ""The Banyans"", ""Agreement_Type__c"": ""Bulk"", ""Status__c"": ""Review""}",deleted,TM_review_2026-05-04,Delete,OK,,2026-05-07T12:03:36.360457
a0BWR0000083yTB2AY,AGR-0856,Agreement__c,*record*,"{""Name"": ""AGR-0856"", ""Opportunity__c"": ""006WR00000wkEamYAE"", ""Opportunity_Name"": ""Topanga Apartments"", ""Agreement_Type__c"": ""EMA"", ""Status__c"": ""Review""}",deleted,TM_review_2026-05-04,Delete,OK,,2026-05-07T12:03:36.704049
a0BWR0000083yTC2AY,AGR-0857,Agreement__c,*record*,"{""Name"": ""AGR-0857"", ""Opportunity__c"": ""006WR00000wkEamYAE"", ""Opportunity_Name"": ""Topanga Apartments"", ""Agreement_Type__c"": ""Bulk"", ""Status__c"": ""Review""}",deleted,TM_review_2026-05-04,Delete,OK,,2026-05-07T12:03:37.082743
a0BWR0000083yTE2AY,AGR-0859,Agreement__c,*record*,"{""Name"": ""AGR-0859"", ""Opportunity__c"": ""006WR00000wkEanYAE"", ""Opportunity_Name"": ""Topanga Terrace"", ""Agreement_Type__c"": ""EMA"", ""Status__c"": ""Review""}",deleted,TM_review_2026-05-04,Delete,OK,,2026-05-07T12:03:37.576475
a0BWR0000083yTF2AY,AGR-0860,Agreement__c,*record*,"{""Name"": ""AGR-0860"", ""Opportunity__c"": ""006WR00000wkEanYAE"", ""Opportunity_Name"": ""Topanga Terrace"", ""Agreement_Type__c"": ""Bulk"", ""Status__c"": ""Review""}",deleted,TM_review_2026-05-04,Delete,OK,,2026-05-07T12:03:37.977209
a0BWR0000083yTH2AY,AGR-0862,Agreement__c,*record*,"{""Name"": ""AGR-0862"", ""Opportunity__c"": ""006WR00000wkEaoYAE"", ""Opportunity_Name"": ""Vista Apartments"", ""Agreement_Type__c"": ""EMA"", ""Status__c"": ""Review""}",deleted,TM_review_2026-05-04,Delete,OK,,2026-05-07T12:03:38.424499
a0BWR0000083yTI2AY,AGR-0863,Agreement__c,*record*,"{""Name"": ""AGR-0863"", ""Opportunity__c"": ""006WR00000wkEaoYAE"", ""Opportunity_Name"": ""Vista Apartments"", ""Agreement_Type__c"": ""Bulk"", ""Status__c"": ""Review""}",deleted,TM_review_2026-05-04,Delete,OK,,2026-05-07T12:03:38.806217
a0BWR0000083yTK2AY,AGR-0865,Agreement__c,*record*,"{""Name"": ""AGR-0865"", ""Opportunity__c"": ""006WR00000wkEapYAE"", ""Opportunity_Name"": ""The Palms"", ""Agreement_Type__c"": ""EMA"", ""Status__c"": ""Review""}",deleted,TM_review_2026-05-04,Delete,OK,,2026-05-07T12:03:39.151585
a0BWR0000083yTL2AY,AGR-0866,Agreement__c,*record*,"{""Name"": ""AGR-0866"", ""Opportunity__c"": ""006WR00000wkEapYAE"", ""Opportunity_Name"": ""The Palms"", ""Agreement_Type__c"": ""Bulk"", ""Status__c"": ""Review""}",deleted,TM_review_2026-05-04,Delete,OK,,2026-05-07T12:03:39.548650
a0BWR0000083yTV2AY,AGR-0876,Agreement__c,*record*,"{""Name"": ""AGR-0876"", ""Opportunity__c"": ""006WR00000wkEauYAE"", ""Opportunity_Name"": ""Hollypark Knolls Apartments"", ""Agreement_Type__c"": ""NEMA"", ""Status__c"": ""Paused""}",deleted,TM_review_2026-05-04,Delete,OK,,2026-05-07T12:03:40.120336
a0BWR0000083yTW2AY,AGR-0877,Agreement__c,*record*,"{""Name"": ""AGR-0877"", ""Opportunity__c"": ""006WR00000wkEauYAE"", ""Opportunity_Name"": ""Hollypark Knolls Apartments"", ""Agreement_Type__c"": ""Bulk"", ""Status__c"": ""Review""}",deleted,TM_review_2026-05-04,Delete,OK,,2026-05-07T12:03:40.767646
a0BWR0000083yTY2AY,AGR-0879,Agreement__c,*record*,"{""Name"": ""AGR-0879"", ""Opportunity__c"": ""006WR00000wkEavYAE"", ""Opportunity_Name"": ""Saticoy Gardens"", ""Agreement_Type__c"": ""EMA"", ""Status__c"": ""Review""}",deleted,TM_review_2026-05-04,Delete,OK,,2026-05-07T12:03:41.227185
a0BWR0000083yTZ2AY,AGR-0880,Agreement__c,*record*,"{""Name"": ""AGR-0880"", ""Opportunity__c"": ""006WR00000wkEavYAE"", ""Opportunity_Name"": ""Saticoy Gardens"", ""Agreement_Type__c"": ""Bulk"", ""Status__c"": ""Review""}",deleted,TM_review_2026-05-04,Delete,OK,,2026-05-07T12:03:41.611837
a0BWR0000083yTb2AI,AGR-0882,Agreement__c,*record*,"{""Name"": ""AGR-0882"", ""Opportunity__c"": ""006WR00000wkEawYAE"", ""Opportunity_Name"": ""Link Canvas (fka The George & The Leonard)"", ""Agreement_Type__c"": ""EMA"", ""Status__c"": ""Review""}",deleted,TM_review_2026-05-04,Delete,OK,,2026-05-07T12:03:42.001764
a0BWR0000083yTc2AI,AGR-0883,Agreement__c,*record*,"{""Name"": ""AGR-0883"", ""Opportunity__c"": ""006WR00000wkEawYAE"", ""Opportunity_Name"": ""Link Canvas (fka The George & The Leonard)"", ""Agreement_Type__c"": ""Bulk"", ""Status__c"": ""Review""}",deleted,TM_review_2026-05-04,Delete,OK,,2026-05-07T12:03:42.394647
a0BWR0000083yTe2AI,AGR-0885,Agreement__c,*record*,"{""Name"": ""AGR-0885"", ""Opportunity__c"": ""006WR00000wkEaxYAE"", ""Opportunity_Name"": ""Link West End"", ""Agreement_Type__c"": ""EMA"", ""Status__c"": ""Review""}",deleted,TM_review_2026-05-04,Delete,OK,,2026-05-07T12:03:42.934373
a0BWR0000083yTf2AI,AGR-0886,Agreement__c,*record*,"{""Name"": ""AGR-0886"", ""Opportunity__c"": ""006WR00000wkEaxYAE"", ""Opportunity_Name"": ""Link West End"", ""Agreement_Type__c"": ""Bulk"", ""Status__c"": ""Review""}",deleted,TM_review_2026-05-04,Delete,OK,,2026-05-07T12:03:43.348341
a0BWR0000083yTh2AI,AGR-0888,Agreement__c,*record*,"{""Name"": ""AGR-0888"", ""Opportunity__c"": ""006WR00000wkEayYAE"", ""Opportunity_Name"": ""Mississippi View"", ""Agreement_Type__c"": ""EMA"", ""Status__c"": ""Review""}",deleted,TM_review_2026-05-04,Delete,OK,,2026-05-07T12:03:43.754362
a0BWR0000083yTi2AI,AGR-0889,Agreement__c,*record*,"{""Name"": ""AGR-0889"", ""Opportunity__c"": ""006WR00000wkEayYAE"", ""Opportunity_Name"": ""Mississippi View"", ""Agreement_Type__c"": ""Bulk"", ""Status__c"": ""Review""}",deleted,TM_review_2026-05-04,Delete,OK,,2026-05-07T12:03:44.146206
a0BWR0000083yUJ2AY,AGR-0926,Agreement__c,*record*,"{""Name"": ""AGR-0926"", ""Opportunity__c"": ""006WR00000wkEbIYAU"", ""Opportunity_Name"": ""First Casa De Marina"", ""Agreement_Type__c"": ""EMA"", ""Status__c"": ""Review""}",deleted,TM_review_2026-05-04,Delete,OK,,2026-05-07T12:03:44.526674
a0BWR0000083yUK2AY,AGR-0927,Agreement__c,*record*,"{""Name"": ""AGR-0927"", ""Opportunity__c"": ""006WR00000wkEbIYAU"", ""Opportunity_Name"": ""First Casa De Marina"", ""Agreement_Type__c"": ""Bulk"", ""Status__c"": ""Review""}",deleted,TM_review_2026-05-04,Delete,OK,,2026-05-07T12:03:44.901397
a0BWR0000083yUM2AY,AGR-0929,Agreement__c,*record*,"{""Name"": ""AGR-0929"", ""Opportunity__c"": ""006WR00000wkEbJYAU"", ""Opportunity_Name"": ""Lombardi Apartments"", ""Agreement_Type__c"": ""EMA"", ""Status__c"": ""Review""}",deleted,TM_review_2026-05-04,Delete,OK,,2026-05-07T12:03:45.451643
a0BWR0000083yUN2AY,AGR-0930,Agreement__c,*record*,"{""Name"": ""AGR-0930"", ""Opportunity__c"": ""006WR00000wkEbJYAU"", ""Opportunity_Name"": ""Lombardi Apartments"", ""Agreement_Type__c"": ""Bulk"", ""Status__c"": ""Review""}",deleted,TM_review_2026-05-04,Delete,OK,,2026-05-07T12:03:45.782160
a0BWR0000083yUP2AY,AGR-0932,Agreement__c,*record*,"{""Name"": ""AGR-0932"", ""Opportunity__c"": ""006WR00000wkEbKYAU"", ""Opportunity_Name"": ""The Meadows at Westlake Village"", ""Agreement_Type__c"": ""EMA"", ""Status__c"": ""Review""}",deleted,TM_review_2026-05-04,Delete,OK,,2026-05-07T12:03:46.172114
a0BWR0000083yUQ2AY,AGR-0933,Agreement__c,*record*,"{""Name"": ""AGR-0933"", ""Opportunity__c"": ""006WR00000wkEbKYAU"", ""Opportunity_Name"": ""The Meadows at Westlake Village"", ""Agreement_Type__c"": ""Bulk"", ""Status__c"": ""Review""}",deleted,TM_review_2026-05-04,Delete,OK,,2026-05-07T12:03:46.560542
a0BWR0000083yUS2AY,AGR-0935,Agreement__c,*record*,"{""Name"": ""AGR-0935"", ""Opportunity__c"": ""006WR00000wkEbLYAU"", ""Opportunity_Name"": ""Brookside Terrace Apartments"", ""Agreement_Type__c"": ""EMA"", ""Status__c"": ""Review""}",deleted,TM_review_2026-05-04,Delete,OK,,2026-05-07T12:03:46.928151
a0BWR0000083yUT2AY,AGR-0936,Agreement__c,*record*,"{""Name"": ""AGR-0936"", ""Opportunity__c"": ""006WR00000wkEbLYAU"", ""Opportunity_Name"": ""Brookside Terrace Apartments"", ""Agreement_Type__c"": ""Bulk"", ""Status__c"": ""Review""}",deleted,TM_review_2026-05-04,Delete,OK,,2026-05-07T12:03:47.284914
a0BWR0000083yUV2AY,AGR-0938,Agreement__c,*record*,"{""Name"": ""AGR-0938"", ""Opportunity__c"": ""006WR00000wkEbMYAU"", ""Opportunity_Name"": ""Gloria Homes"", ""Agreement_Type__c"": ""NEMA"", ""Status__c"": ""Paused""}",deleted,TM_review_2026-05-04,Delete,OK,,2026-05-07T12:03:47.921994
a0BWR0000083yUW2AY,AGR-0939,Agreement__c,*record*,"{""Name"": ""AGR-0939"", ""Opportunity__c"": ""006WR00000wkEbMYAU"", ""Opportunity_Name"": ""Gloria Homes"", ""Agreement_Type__c"": ""Bulk"", ""Status__c"": ""Review""}",deleted,TM_review_2026-05-04,Delete,OK,,2026-05-07T12:03:48.294106
a0BWR0000083yUY2AY,AGR-0941,Agreement__c,*record*,"{""Name"": ""AGR-0941"", ""Opportunity__c"": ""006WR00000wkEbNYAU"", ""Opportunity_Name"": ""Parthenia Terrace"", ""Agreement_Type__c"": ""EMA"", ""Status__c"": ""Review""}",deleted,TM_review_2026-05-04,Delete,OK,,2026-05-07T12:03:48.646536
a0BWR0000083yUZ2AY,AGR-0942,Agreement__c,*record*,"{""Name"": ""AGR-0942"", ""Opportunity__c"": ""006WR00000wkEbNYAU"", ""Opportunity_Name"": ""Parthenia Terrace"", ""Agreement_Type__c"": ""Bulk"", ""Status__c"": ""Review""}",deleted,TM_review_2026-05-04,Delete,OK,,2026-05-07T12:03:49.228221
a0BWR0000083yUi2AI,AGR-0951,Agreement__c,*record*,"{""Name"": ""AGR-0951"", ""Opportunity__c"": ""006WR00000wkEbVYAU"", ""Opportunity_Name"": ""CitiFront Apartments"", ""Agreement_Type__c"": ""EMA"", ""Status__c"": ""Review""}",deleted,TM_review_2026-05-04,Delete,OK,,2026-05-07T12:03:49.701733
a0BWR0000083yUj2AI,AGR-0952,Agreement__c,*record*,"{""Name"": ""AGR-0952"", ""Opportunity__c"": ""006WR00000wkEbVYAU"", ""Opportunity_Name"": ""CitiFront Apartments"", ""Agreement_Type__c"": ""Bulk"", ""Status__c"": ""Review""}",deleted,TM_review_2026-05-04,Delete,OK,,2026-05-07T12:03:50.050869
a0BWR0000083yVe2AI,AGR-1009,Agreement__c,*record*,"{""Name"": ""AGR-1009"", ""Opportunity__c"": ""006WR00000wkEbqYAE"", ""Opportunity_Name"": ""Purgatory Creek Townhomes"", ""Agreement_Type__c"": ""EMA"", ""Status__c"": ""Review""}",deleted,TM_review_2026-05-04,Delete,OK,,2026-05-07T12:03:50.448370
a0BWR0000083yVf2AI,AGR-1010,Agreement__c,*record*,"{""Name"": ""AGR-1010"", ""Opportunity__c"": ""006WR00000wkEbqYAE"", ""Opportunity_Name"": ""Purgatory Creek Townhomes"", ""Agreement_Type__c"": ""Bulk"", ""Status__c"": ""Review""}",deleted,TM_review_2026-05-04,Delete,OK,,2026-05-07T12:03:50.829144
a0BWR000008ZFsP2AW,AGR-1492,Agreement__c,*record*,"{""Name"": ""AGR-1492"", ""Opportunity__c"": ""006WR00000wkEc8YAE"", ""Opportunity_Name"": ""Bristol Square Apartments"", ""Agreement_Type__c"": ""EMA"", ""Status__c"": ""Review""}",deleted,TM_review_2026-05-04,Delete,OK,,2026-05-07T12:03:51.201906
a0BWR000008ZFu12AG,AGR-1493,Agreement__c,*record*,"{""Name"": ""AGR-1493"", ""Opportunity__c"": ""006WR00000wkEcBYAU"", ""Opportunity_Name"": ""Heritage of Newark (FKA Newark Beach Estates)"", ""Agreement_Type__c"": ""Bulk"", ""Status__c"": ""Review""}",deleted,TM_review_2026-05-04,Delete,OK,,2026-05-07T12:03:51.558730
a0BWR000008ZFxF2AW,AGR-1495,Agreement__c,*record*,"{""Name"": ""AGR-1495"", ""Opportunity__c"": ""006WR00000wkEcDYAU"", ""Opportunity_Name"": ""The 1001 Apartments"", ""Agreement_Type__c"": ""EMA"", ""Status__c"": ""Review""}",deleted,TM_review_2026-05-04,Delete,OK,,2026-05-07T12:03:52.010977
a0BWR000008ZIv72AG,AGR-1498,Agreement__c,*record*,"{""Name"": ""AGR-1498"", ""Opportunity__c"": ""006WR00000wkEbOYAU"", ""Opportunity_Name"": ""Patriot Place"", ""Agreement_Type__c"": ""Bulk"", ""Status__c"": ""Review""}",deleted,TM_review_2026-05-04,Delete,OK,,2026-05-07T12:03:52.478104
a0BWR000008ZIyL2AW,AGR-1500,Agreement__c,*record*,"{""Name"": ""AGR-1500"", ""Opportunity__c"": ""006WR00000wkEcAYAU"", ""Opportunity_Name"": ""Creekside Apartments"", ""Agreement_Type__c"": ""Bulk"", ""Status__c"": ""Review""}",deleted,TM_review_2026-05-04,Delete,OK,,2026-05-07T12:03:52.906856
